isolate,amp_mic,amp_sir,coa_mic,coa_sir
AMC_0,<=2,S,<=2/2,S
AMC_1,>8,R,>32/2,R
AMC_2,>8,R,>32/2,R
AMC_3,>8,R,>32/2,R
AMC_4,>8,R,16/2,R
AMC_5,>8,R,4/2,S
AMC_6,>8,R,8/2,S
AMC_7,>8,R,>32/2,R
AMC_8,<=2,S,4/2,S
AMC_9,>8,R,8/2,S
AMC_10,>8,R,>32/2,R
AMC_11,<=2,S,4/2,S
AMC_12,<=2,S,4/2,S
AMC_13,<=2,S,4/2,S
AMC_14,<=2,S,4/2,S
AMC_15,>8,R,4/2,S
AMC_16,>8,R,32/2,R
AMC_17,<=2,S,4/2,S
AMC_18,<=2,S,4/2,S
AMC_19,>8,R,>32/2,R
AMC_20,<=2,S,4/2,S
AMC_21,<=2,S,4/2,S
AMC_22,>8,R,<=2/2,S
AMC_23,<=2,S,<=2/2,S
AMC_24,<=2,S,<=2/2,S
AMC_25,<=2,S,4/2,S
AMC_26,>8,R,8/2,S
AMC_27,<=2,S,<=2/2,S
AMC_28,<=2,S,8/2,S
AMC_29,>8,R,>32/2,R
AMC_30,>8,R,16/2,R
AMC_31,<=2,S,4/2,S
AMC_32,>8,R,16/2,R
AMC_33,<=2,S,4/2,S
AMC_34,<=2,S,<=2/2,S
AMC_35,<=2,S,4/2,S
AMC_36,>8,R,4/2,S
AMC_37,>8,R,4/2,S
AMC_38,<=2,S,4/2,S
AMC_39,<=2,S,4/2,S
AMC_40,>8,R,8/2,S
AMC_41,<=2,S,<=2/2,S
AMC_42,<=2,S,<=2/2,S
AMC_43,>8,R,>32/2,R
AMC_44,>8,R,<=2/2,S
AMC_45,>8,R,8/2,S
AMC_46,>8,R,>32/2,R
AMC_47,<=2,S,<=2/2,S
AMC_48,>8,R,8/2,S
AMC_49,<=2,S,<=2/2,S
AMC_50,>8,R,16/2,R
AMC_51,>8,R,8/2,S
AMC_52,<=2,S,<=2/2,S
AMC_53,<=2,S,4/2,S
AMC_54,<=2,S,4/2,S
AMC_55,<=2,S,4/2,S
AMC_56,>8,R,16/2,R
AMC_57,<=2,S,<=2/2,S
AMC_58,>8,R,>32/2,R
AMC_59,<=2,S,4/2,S
AMC_60,<=2,S,<=2/2,S
AMC_61,>8,R,>32/2,R
AMC_62,<=2,S,4/2,S
AMC_63,>8,R,>32/2,R
AMC_64,<=2,S,4/2,S
AMC_65,<=2,S,4/2,S
AMC_66,<=2,S,4/2,S
AMC_67,<=2,S,4/2,S
AMC_68,>8,R,32/2,R
AMC_69,>8,R,4/2,S
AMC_70,<=2,S,4/2,S
AMC_71,>8,R,>32/2,R
AMC_72,4,S,4/2,S
AMC_73,<=2,S,4/2,S
AMC_74,<=2,S,4/2,S
AMC_75,<=2,S,<=2/2,S
AMC_76,<=2,S,4/2,S
AMC_77,>8,R,>32/2,R
AMC_78,>8,R,>32/2,R
AMC_79,<=2,S,4/2,S
AMC_80,<=2,S,<=2/2,S
AMC_81,>8,R,8/2,S
AMC_82,>8,R,>32/2,R
AMC_83,>8,R,16/2,R
AMC_84,4,S,16/2,R
AMC_85,<=2,S,4/2,S
AMC_86,>8,R,>32/2,R
AMC_87,<=2,S,4/2,S
AMC_88,<=2,S,<=2/2,S
AMC_89,>8,R,4/2,S
AMC_90,>8,R,>32/2,R
AMC_91,<=2,S,<=2/2,S
AMC_92,<=2,S,<=2/2,S
AMC_93,<=2,S,<=2/2,S
AMC_94,<=2,S,4/2,S
AMC_95,4,S,4/2,S
AMC_96,>8,R,8/2,S
AMC_97,>8,R,>32/2,R
AMC_98,>8,R,>32/2,R
AMC_99,>8,R,8/2,S
AMC_100,>8,R,4/2,S
AMC_101,<=2,S,<=2/2,S
AMC_102,<=2,S,4/2,S
AMC_103,<=2,S,<=2/2,S
AMC_104,>8,R,32/2,R
AMC_105,>8,R,>32/2,R
AMC_106,>8,R,8/2,S
AMC_107,>8,R,16/2,R
AMC_108,>8,R,>32/2,R
AMC_109,<=2,S,4/2,S
AMC_110,<=2,S,4/2,S
AMC_111,<=2,S,4/2,S
AMC_112,>8,R,8/2,S
AMC_113,>8,R,>32/2,R
AMC_114,>8,R,>32/2,R
AMC_115,<=2,S,4/2,S
AMC_116,>8,R,32/2,R
AMC_117,<=2,S,4/2,S
AMC_118,<=2,S,<=2/2,S
AMC_119,>8,R,16/2,R
AMC_120,>8,R,>32/2,R
AMC_121,>8,R,>32/2,R
AMC_122,<=2,S,4/2,S
AMC_123,>8,R,>32/2,R
AMC_124,>8,R,16/2,R
AMC_125,<=2,S,4/2,S
AMC_126,<=2,S,4/2,S
AMC_127,<=2,S,<=2/2,S
AMC_128,<=2,S,4/2,S
AMC_129,<=2,S,4/2,S
AMC_130,>8,R,16/2,R
AMC_131,4,S,8/2,S
AMC_132,<=2,S,4/2,S
AMC_133,<=2,S,<=2/2,S
AMC_134,>8,R,>32/2,R
AMC_135,>8,R,8/2,S
AMC_136,<=2,S,<=2/2,S
AMC_137,<=2,S,<=2/2,S
AMC_138,<=2,S,4/2,S
AMC_139,>8,R,>32/2,R
AMC_140,<=2,S,4/2,S
AMC_141,>8,R,4/2,S
AMC_142,4,S,4/2,S
AMC_143,<=2,S,4/2,S
AMC_144,>8,R,4/2,S
AMC_145,>8,R,>32/2,R
AMC_146,<=2,S,<=2/2,S
AMC_147,<=2,S,<=2/2,S
AMC_148,<=2,S,4/2,S
AMC_149,<=2,S,<=2/2,S
AMC_150,<=2,S,<=2/2,S
AMC_151,>8,R,8/2,S
AMC_152,<=2,S,<=2/2,S
AMC_153,<=2,S,4/2,S
AMC_154,4,S,4/2,S
AMC_155,>8,R,>32/2,R
AMC_156,<=2,S,<=2/2,S
AMC_157,>8,R,8/2,S
AMC_158,>8,R,>32/2,R
AMC_159,>8,R,4/2,S
AMC_160,<=2,S,4/2,S
AMC_161,<=2,S,<=2/2,S
AMC_162,<=2,S,4/2,S
AMC_163,>8,R,>32/2,R
AMC_164,>8,R,8/2,S
AMC_165,<=2,S,<=2/2,S
AMC_166,<=2,S,<=2/2,S
AMC_167,>8,R,>32/2,R
AMC_168,>8,R,4/2,S
AMC_169,<=2,S,4/2,S
AMC_170,<=2,S,4/2,S
AMC_171,>8,R,>32/2,R
AMC_172,>8,R,4/2,S
AMC_173,>8,R,8/2,S
AMC_174,>8,R,>32/2,R
AMC_175,>8,R,8/2,S
AMC_176,>8,R,4/2,S
AMC_177,<=2,S,<=2/2,S
AMC_178,<=2,S,<=2/2,S
AMC_179,>8,R,32/2,R
AMC_180,>8,R,16/2,R
AMC_181,>8,R,>32/2,R
AMC_182,<=2,S,<=2/2,S
AMC_183,>8,R,>32/2,R
AMC_184,>8,R,16/2,R
AMC_185,>8,R,16/2,R
AMC_186,<=2,S,<=2/2,S
AMC_187,>8,R,>32/2,R
AMC_188,<=2,S,4/2,S
AMC_189,<=2,S,4/2,S
AMC_190,<=2,S,4/2,S
AMC_191,>8,R,32/2,R
AMC_192,>8,R,8/2,S
AMC_193,>8,R,>32/2,R
AMC_194,4,S,4/2,S
AMC_195,>8,R,>32/2,R
AMC_196,>8,R,>32/2,R
AMC_197,<=2,S,4/2,S
AMC_198,>8,R,32/2,R
AMC_199,>8,R,>32/2,R
AMC_200,<=2,S,<=2/2,S
AMC_201,>8,R,8/2,S
AMC_202,<=2,S,<=2/2,S
AMC_203,>8,R,>32/2,R
AMC_204,>8,R,>32/2,R
AMC_205,>8,R,8/2,S
AMC_206,<=2,S,<=2/2,S
AMC_207,<=2,S,4/2,S
AMC_208,<=2,S,<=2/2,S
AMC_209,<=2,S,4/2,S
AMC_210,>8,R,8/2,S
AMC_211,>8,R,32/2,R
AMC_212,>8,R,8/2,S
AMC_213,<=2,S,<=2/2,S
AMC_214,>8,R,8/2,S
AMC_215,<=2,S,<=2/2,S
AMC_216,<=2,S,4/2,S
AMC_217,<=2,S,<=2/2,S
AMC_218,<=2,S,4/2,S
AMC_219,>8,R,8/2,S
AMC_220,>8,R,32/2,R
AMC_221,<=2,S,<=2/2,S
AMC_222,>8,R,8/2,S
AMC_223,>8,R,8/2,S
AMC_224,<=2,S,4/2,S
AMC_225,>8,R,>32/2,R
AMC_226,>8,R,16/2,R
AMC_227,>8,R,>32/2,R
AMC_228,>8,R,16/2,R
AMC_229,>8,R,>32/2,R
AMC_230,>8,R,>32/2,R
AMC_231,<=2,S,<=2/2,S
AMC_232,>8,R,>32/2,R
AMC_233,>8,R,32/2,R
AMC_234,<=2,S,<=2/2,S
AMC_235,>8,R,8/2,S
AMC_236,>8,R,8/2,S
AMC_237,>8,R,>32/2,R
AMC_238,>8,R,>32/2,R
AMC_239,<=2,S,4/2,S
AMC_240,4,S,8/2,S
AMC_241,>8,R,>32/2,R
AMC_242,<=2,S,4/2,S
AMC_243,>8,R,8/2,S
AMC_244,<=2,S,<=2/2,S
AMC_245,>8,R,8/2,S
AMC_246,4,S,8/2,S
AMC_247,>8,R,8/2,S
AMC_248,<=2,S,4/2,S
AMC_249,>8,R,8/2,S
AMC_250,<=2,S,<=2/2,S
AMC_251,>8,R,8/2,S
AMC_252,4,S,4/2,S
AMC_253,>8,R,>32/2,R
AMC_254,<=2,S,<=2/2,S
AMC_255,4,S,4/2,S
AMC_256,>8,R,>32/2,R
AMC_257,>8,R,4/2,S
AMC_258,>8,R,32/2,R
AMC_259,<=2,S,4/2,S
AMC_260,>8,R,<=2/2,S
AMC_261,<=2,S,4/2,S
AMC_262,<=2,S,<=2/2,S
AMC_263,>8,R,32/2,R
AMC_264,4,S,8/2,S
AMC_265,<=2,S,<=2/2,S
AMC_266,4,S,8/2,S
AMC_267,<=2,S,4/2,S
AMC_268,<=2,S,<=2/2,S
AMC_269,<=2,S,<=2/2,S
AMC_270,>8,R,8/2,S
AMC_271,<=2,S,4/2,S
AMC_272,>8,R,16/2,R
AMC_273,<=2,S,<=2/2,S
AMC_274,<=2,S,4/2,S
AMC_275,<=2,S,4/2,S
AMC_276,4,S,16/2,R
AMC_277,<=2,S,4/2,S
AMC_278,<=2,S,4/2,S
AMC_279,>8,R,32/2,R
AMC_280,<=2,S,4/2,S
AMC_281,>8,R,8/2,S
AMC_282,<=2,S,4/2,S
AMC_283,>8,R,>32/2,R
AMC_284,>8,R,16/2,R
AMC_285,<=2,S,<=2/2,S
AMC_286,>8,R,16/2,R
AMC_287,<=2,S,4/2,S
AMC_288,>8,R,>32/2,R
AMC_289,4,S,4/2,S
AMC_290,4,S,8/2,S
AMC_291,8,S,16/2,R
AMC_292,>8,R,8/2,S
AMC_293,<=2,S,4/2,S
AMC_294,<=2,S,<=2/2,S
AMC_295,>8,R,8/2,S
AMC_296,<=2,S,4/2,S
AMC_297,>8,R,>32/2,R
AMC_298,<=2,S,4/2,S
AMC_299,>8,R,16/2,R
AMC_300,>8,R,16/2,R
AMC_301,>8,R,4/2,S
AMC_302,>8,R,>32/2,R
AMC_303,>8,R,32/2,R
AMC_304,>8,R,>32/2,R
AMC_305,>8,R,>32/2,R
AMC_306,>8,R,>32/2,R
AMC_307,>8,R,>32/2,R
AMC_308,<=2,S,4/2,S
AMC_309,>8,R,8/2,S
AMC_310,>8,R,32/2,R
AMC_311,>8,R,16/2,R
AMC_312,<=2,S,4/2,S
AMC_313,>8,R,>32/2,R
AMC_314,<=2,S,<=2/2,S
AMC_315,>8,R,>32/2,R
AMC_316,>8,R,8/2,S
AMC_317,>8,R,16/2,R
AMC_318,>8,R,16/2,R
AMC_319,<=2,S,4/2,S
AMC_320,>8,R,8/2,S
AMC_321,>8,R,4/2,S
AMC_322,<=2,S,4/2,S
AMC_323,4,S,4/2,S
AMC_324,<=2,S,4/2,S
AMC_325,<=2,S,4/2,S
AMC_326,<=2,S,<=2/2,S
AMC_327,<=2,S,4/2,S
AMC_328,>8,R,8/2,S
AMC_329,<=2,S,<=2/2,S
AMC_330,<=2,S,<=2/2,S
AMC_331,>8,R,>32/2,R
AMC_332,<=2,S,4/2,S
AMC_333,<=2,S,<=2/2,S
AMC_334,>8,R,8/2,S
AMC_335,<=2,S,4/2,S
AMC_336,>8,R,>32/2,R
AMC_337,4,S,8/2,S
AMC_338,<=2,S,<=2/2,S
AMC_339,<=2,S,4/2,S
AMC_340,<=2,S,4/2,S
AMC_341,>8,R,8/2,S
AMC_342,>8,R,8/2,S
AMC_343,>8,R,8/2,S
AMC_344,<=2,S,8/2,S
AMC_345,<=2,S,4/2,S
AMC_346,>8,R,16/2,R
AMC_347,<=2,S,4/2,S
AMC_348,<=2,S,4/2,S
AMC_349,<=2,S,<=2/2,S
AMC_350,>8,R,4/2,S
AMC_351,>8,R,>32/2,R
AMC_352,>8,R,8/2,S
AMC_353,<=2,S,4/2,S
AMC_354,>8,R,8/2,S
AMC_355,>8,R,8/2,S
AMC_356,>8,R,>32/2,R
AMC_357,<=2,S,4/2,S
AMC_358,>8,R,>32/2,R
AMC_359,>8,R,8/2,S
AMC_360,>8,R,8/2,S
AMC_361,<=2,S,4/2,S
AMC_362,<=2,S,4/2,S
AMC_363,<=2,S,4/2,S
AMC_364,>8,R,>32/2,R
AMC_365,<=2,S,<=2/2,S
AMC_366,>8,R,8/2,S
AMC_367,>8,R,8/2,S
AMC_368,<=2,S,4/2,S
AMC_369,<=2,S,<=2/2,S
AMC_370,>8,R,8/2,S
AMC_371,<=2,S,<=2/2,S
AMC_372,>8,R,4/2,S
AMC_373,>8,R,16/2,R
AMC_374,>8,R,16/2,R
AMC_375,<=2,S,<=2/2,S
AMC_376,>8,R,16/2,R
AMC_377,>8,R,16/2,R
AMC_378,<=2,S,4/2,S
AMC_379,>8,R,>32/2,R
AMC_380,>8,R,4/2,S
AMC_381,>8,R,32/2,R
AMC_382,>8,R,32/2,R
AMC_383,<=2,S,4/2,S
AMC_384,>8,R,16/2,R
AMC_385,<=2,S,4/2,S
AMC_386,>8,R,4/2,S
AMC_387,>8,R,>32/2,R
AMC_388,>8,R,>32/2,R
AMC_389,>8,R,8/2,S
AMC_390,<=2,S,4/2,S
AMC_391,>8,R,>32/2,R
AMC_392,>8,R,>32/2,R
AMC_393,>8,R,8/2,S
AMC_394,<=2,S,4/2,S
AMC_395,>8,R,>32/2,R
AMC_396,>8,R,>32/2,R
AMC_397,4,S,8/2,S
AMC_398,>8,R,8/2,S
AMC_399,<=2,S,<=2/2,S
AMC_400,>8,R,8/2,S
AMC_401,>8,R,8/2,S
AMC_402,<=2,S,4/2,S
AMC_403,>8,R,8/2,S
AMC_404,<=2,S,4/2,S
AMC_405,>8,R,8/2,S
AMC_406,>8,R,>32/2,R
AMC_407,<=2,S,4/2,S
AMC_408,>8,R,8/2,S
AMC_409,>8,R,>32/2,R
AMC_410,>8,R,8/2,S
AMC_411,<=2,S,4/2,S
AMC_412,>8,R,16/2,R
AMC_413,>8,R,>32/2,R
AMC_414,>8,R,>32/2,R
AMC_415,>8,R,32/2,R
AMC_416,<=2,S,4/2,S
AMC_417,<=2,S,4/2,S
AMC_418,>8,R,>32/2,R
AMC_419,<=2,S,4/2,S
AMC_420,>8,R,16/2,R
AMC_421,>8,R,8/2,S
AMC_422,<=2,S,4/2,S
AMC_423,>8,R,8/2,S
AMC_424,<=2,S,<=2/2,S
AMC_425,>8,R,4/2,S
AMC_426,<=2,S,<=2/2,S
AMC_427,<=2,S,<=2/2,S
AMC_428,>8,R,8/2,S
AMC_429,>8,R,16/2,R
AMC_430,>8,R,16/2,R
AMC_431,>8,R,16/2,R
AMC_432,<=2,S,4/2,S
AMC_433,>8,R,>32/2,R
AMC_434,<=2,S,4/2,S
AMC_435,<=2,S,<=2/2,S
AMC_436,>8,R,8/2,S
AMC_437,>8,R,4/2,S
AMC_438,<=2,S,4/2,S
AMC_439,>8,R,8/2,S
AMC_440,>8,R,8/2,S
AMC_441,>8,R,4/2,S
AMC_442,>8,R,16/2,R
AMC_443,<=2,S,4/2,S
AMC_444,>8,R,32/2,R
AMC_445,<=2,S,4/2,S
AMC_446,<=2,S,4/2,S
AMC_447,>8,R,>32/2,R
AMC_448,>8,R,32/2,R
AMC_449,>8,R,16/2,R
AMC_450,>8,R,16/2,R
AMC_451,>8,R,16/2,R
AMC_452,>8,R,4/2,S
AMC_453,>8,R,>32/2,R
AMC_454,<=2,S,4/2,S
AMC_455,<=2,S,4/2,S
AMC_456,>8,R,16/2,R
AMC_457,<=2,S,<=2/2,S
AMC_458,>8,R,4/2,S
AMC_459,<=2,S,4/2,S
AMC_460,>8,R,>32/2,R
AMC_461,>8,R,8/2,S
AMC_462,<=2,S,<=2/2,S
AMC_463,<=2,S,4/2,S
AMC_464,>8,R,8/2,S
AMC_465,>8,R,32/2,R
AMC_466,>8,R,16/2,R
AMC_467,>8,R,>32/2,R
AMC_468,>8,R,8/2,S
AMC_469,>8,R,32/2,R
AMC_470,<=2,S,4/2,S
AMC_471,>8,R,8/2,S
AMC_472,<=2,S,4/2,S
AMC_473,<=2,S,4/2,S
AMC_474,>8,R,8/2,S
AMC_475,>8,R,4/2,S
AMC_476,>8,R,32/2,R
AMC_477,<=2,S,4/2,S
AMC_478,>8,R,16/2,R
AMC_479,>8,R,>32/2,R
AMC_480,<=2,S,4/2,S
AMC_481,>8,R,32/2,R
AMC_482,>8,R,4/2,S
AMC_483,>8,R,>32/2,R
AMC_484,<=2,S,4/2,S
AMC_485,>8,R,>32/2,R
AMC_486,<=2,S,4/2,S
AMC_487,>8,R,>32/2,R
AMC_488,>8,R,>32/2,R
AMC_489,>8,R,32/2,R
AMC_490,>8,R,>32/2,R
AMC_491,4,S,4/2,S
AMC_492,<=2,S,<=2/2,S
AMC_493,>8,R,>32/2,R
AMC_494,<=2,S,4/2,S
AMC_495,>8,R,8/2,S
AMC_496,<=2,S,4/2,S
AMC_497,<=2,S,4/2,S
AMC_498,<=2,S,4/2,S
AMC_499,<=2,S,<=2/2,S
AMC_500,>8,R,16/2,R
AMC_501,<=2,S,4/2,S
AMC_502,<=2,S,<=2/2,S
AMC_503,<=2,S,<=2/2,S
AMC_504,>8,R,>32/2,R
AMC_505,>8,R,8/2,S
AMC_506,<=2,S,4/2,S
AMC_507,<=2,S,4/2,S
AMC_508,>8,R,>32/2,R
AMC_509,>8,R,8/2,S
AMC_510,>8,R,32/2,R
AMC_511,>8,R,<=2/2,S
AMC_512,>8,R,>32/2,R
AMC_513,<=2,S,4/2,S
AMC_514,>8,R,8/2,S
AMC_515,<=2,S,<=2/2,S
AMC_516,<=2,S,<=2/2,S
AMC_517,<=2,S,4/2,S
AMC_518,>8,R,8/2,S
AMC_519,4,S,8/2,S
AMC_520,<=2,S,4/2,S
AMC_521,8,S,16/2,R
AMC_522,<=2,S,<=2/2,S
AMC_523,4,S,4/2,S
AMC_524,>8,R,>32/2,R
AMC_525,>8,R,8/2,S
AMC_526,>8,R,16/2,R
AMC_527,<=2,S,4/2,S
AMC_528,<=2,S,<=2/2,S
AMC_529,<=2,S,4/2,S
AMC_530,<=2,S,4/2,S
AMC_531,<=2,S,<=2/2,S
AMC_532,4,S,8/2,S
AMC_533,>8,R,>32/2,R
AMC_534,>8,R,8/2,S
AMC_535,>8,R,>32/2,R
AMC_536,>8,R,>32/2,R
AMC_537,<=2,S,4/2,S
AMC_538,<=2,S,4/2,S
AMC_539,>8,R,>32/2,R
AMC_540,>8,R,32/2,R
AMC_541,>8,R,16/2,R
AMC_542,>8,R,8/2,S
AMC_543,>8,R,>32/2,R
AMC_544,<=2,S,4/2,S
AMC_545,<=2,S,4/2,S
AMC_546,<=2,S,4/2,S
AMC_547,>8,R,>32/2,R
AMC_548,<=2,S,4/2,S
AMC_549,>8,R,16/2,R
AMC_550,>8,R,>32/2,R
AMC_551,>8,R,16/2,R
AMC_552,>8,R,4/2,S
AMC_553,>8,R,4/2,S
AMC_554,>8,R,8/2,S
AMC_555,<=2,S,<=2/2,S
AMC_556,>8,R,8/2,S
AMC_557,>8,R,8/2,S
AMC_558,>8,R,>32/2,R
AMC_559,<=2,S,4/2,S
AMC_560,8,S,16/2,R
AMC_561,<=2,S,<=2/2,S
AMC_562,<=2,S,<=2/2,S
AMC_563,<=2,S,4/2,S
AMC_564,>8,R,>32/2,R
AMC_565,<=2,S,4/2,S
AMC_566,<=2,S,<=2/2,S
AMC_567,<=2,S,<=2/2,S
AMC_568,>8,R,8/2,S
AMC_569,>8,R,32/2,R
AMC_570,<=2,S,<=2/2,S
AMC_571,>8,R,>32/2,R
AMC_572,<=2,S,4/2,S
AMC_573,<=2,S,4/2,S
AMC_574,<=2,S,<=2/2,S
AMC_575,>8,R,16/2,R
AMC_576,>8,R,4/2,S
AMC_577,>8,R,8/2,S
AMC_578,>8,R,8/2,S
AMC_579,<=2,S,<=2/2,S
AMC_580,8,S,16/2,R
AMC_581,8,S,4/2,S
AMC_582,<=2,S,4/2,S
AMC_583,<=2,S,4/2,S
AMC_584,>8,R,>32/2,R
AMC_585,>8,R,32/2,R
AMC_586,>8,R,4/2,S
AMC_587,>8,R,16/2,R
AMC_588,>8,R,>32/2,R
AMC_589,<=2,S,<=2/2,S
AMC_590,>8,R,32/2,R
AMC_591,>8,R,4/2,S
AMC_592,>8,R,4/2,S
AMC_593,<=2,S,8/2,S
AMC_594,>8,R,16/2,R
AMC_595,>8,R,4/2,S
AMC_596,<=2,S,<=2/2,S
AMC_597,<=2,S,4/2,S
AMC_598,>8,R,16/2,R
AMC_599,<=2,S,4/2,S
AMC_600,>8,R,16/2,R
AMC_601,<=2,S,<=2/2,S
AMC_602,<=2,S,<=2/2,S
AMC_603,>8,R,>32/2,R
AMC_604,>8,R,4/2,S
AMC_605,>8,R,>32/2,R
AMC_606,>8,R,32/2,R
AMC_607,<=2,S,4/2,S
AMC_608,<=2,S,<=2/2,S
AMC_609,>8,R,>32/2,R
AMC_610,>8,R,4/2,S
AMC_611,>8,R,8/2,S
AMC_612,>8,R,32/2,R
AMC_613,>8,R,>32/2,R
AMC_614,<=2,S,4/2,S
AMC_615,>8,R,>32/2,R
AMC_616,<=2,S,4/2,S
AMC_617,>8,R,8/2,S
AMC_618,>8,R,8/2,S
AMC_619,>8,R,>32/2,R
AMC_620,>8,R,16/2,R
AMC_621,>8,R,>32/2,R
AMC_622,>8,R,4/2,S
AMC_623,<=2,S,<=2/2,S
AMC_624,>8,R,8/2,S
AMC_625,<=2,S,4/2,S
AMC_626,>8,R,>32/2,R
AMC_627,<=2,S,<=2/2,S
AMC_628,<=2,S,4/2,S
AMC_629,>8,R,>32/2,R
AMC_630,<=2,S,4/2,S
AMC_631,4,S,8/2,S
AMC_632,>8,R,32/2,R
AMC_633,>8,R,8/2,S
AMC_634,>8,R,32/2,R
AMC_635,>8,R,8/2,S
AMC_636,>8,R,32/2,R
AMC_637,>8,R,>32/2,R
AMC_638,>8,R,>32/2,R
AMC_639,>8,R,4/2,S
AMC_640,<=2,S,<=2/2,S
AMC_641,<=2,S,4/2,S
AMC_642,<=2,S,4/2,S
AMC_643,<=2,S,4/2,S
AMC_644,>8,R,>32/2,R
AMC_645,>8,R,16/2,R
AMC_646,>8,R,8/2,S
AMC_647,>8,R,16/2,R
AMC_648,4,S,4/2,S
AMC_649,>8,R,>32/2,R
AMC_650,>8,R,>32/2,R
AMC_651,>8,R,8/2,S
AMC_652,>8,R,8/2,S
AMC_653,<=2,S,4/2,S
AMC_654,>8,R,8/2,S
AMC_655,>8,R,>32/2,R
AMC_656,>8,R,>32/2,R
AMC_657,<=2,S,8/2,S
AMC_658,<=2,S,4/2,S
AMC_659,<=2,S,4/2,S
AMC_660,>8,R,32/2,R
AMC_661,<=2,S,<=2/2,S
AMC_662,<=2,S,4/2,S
AMC_663,>8,R,32/2,R
AMC_664,<=2,S,<=2/2,S
AMC_665,>8,R,16/2,R
AMC_666,>8,R,8/2,S
AMC_667,>8,R,16/2,R
AMC_668,<=2,S,4/2,S
AMC_669,>8,R,>32/2,R
AMC_670,>8,R,8/2,S
AMC_671,4,S,8/2,S
AMC_672,>8,R,4/2,S
AMC_673,>8,R,8/2,S
AMC_674,<=2,S,<=2/2,S
AMC_675,<=2,S,<=2/2,S
AMC_676,<=2,S,4/2,S
AMC_677,>8,R,>32/2,R
AMC_678,<=2,S,<=2/2,S
AMC_679,>8,R,16/2,R
AMC_680,>8,R,8/2,S
AMC_681,>8,R,>32/2,R
AMC_682,>8,R,4/2,S
AMC_683,>8,R,16/2,R
AMC_684,>8,R,<=2/2,S
AMC_685,<=2,S,<=2/2,S
AMC_686,>8,R,>32/2,R
AMC_687,<=2,S,<=2/2,S
AMC_688,>8,R,>32/2,R
AMC_689,>8,R,>32/2,R
AMC_690,>8,R,>32/2,R
AMC_691,>8,R,>32/2,R
AMC_692,<=2,S,<=2/2,S
AMC_693,>8,R,16/2,R
AMC_694,<=2,S,<=2/2,S
AMC_695,>8,R,8/2,S
AMC_696,<=2,S,<=2/2,S
AMC_697,<=2,S,<=2/2,S
AMC_698,>8,R,32/2,R
AMC_699,<=2,S,4/2,S
AMC_700,>8,R,>32/2,R
AMC_701,>8,R,8/2,S
AMC_702,<=2,S,4/2,S
AMC_703,<=2,S,4/2,S
AMC_704,>8,R,8/2,S
AMC_705,>8,R,8/2,S
AMC_706,>8,R,8/2,S
AMC_707,>8,R,>32/2,R
AMC_708,<=2,S,4/2,S
AMC_709,>8,R,8/2,S
AMC_710,>8,R,4/2,S
AMC_711,<=2,S,4/2,S
AMC_712,<=2,S,<=2/2,S
AMC_713,<=2,S,4/2,S
AMC_714,>8,R,32/2,R
AMC_715,<=2,S,4/2,S
AMC_716,>8,R,8/2,S
AMC_717,<=2,S,4/2,S
AMC_718,8,S,32/2,R
AMC_719,<=2,S,<=2/2,S
AMC_720,<=2,S,4/2,S
AMC_721,<=2,S,<=2/2,S
AMC_722,>8,R,>32/2,R
AMC_723,<=2,S,4/2,S
AMC_724,4,S,8/2,S
AMC_725,>8,R,16/2,R
AMC_726,<=2,S,<=2/2,S
AMC_727,<=2,S,4/2,S
AMC_728,<=2,S,<=2/2,S
AMC_729,<=2,S,4/2,S
AMC_730,<=2,S,<=2/2,S
AMC_731,<=2,S,4/2,S
AMC_732,<=2,S,4/2,S
AMC_733,>8,R,8/2,S
AMC_734,>8,R,>32/2,R
AMC_735,>8,R,8/2,S
AMC_736,<=2,S,4/2,S
AMC_737,>8,R,8/2,S
AMC_738,>8,R,8/2,S
AMC_739,>8,R,32/2,R
AMC_740,>8,R,32/2,R
AMC_741,<=2,S,<=2/2,S
AMC_742,>8,R,>32/2,R
AMC_743,>8,R,16/2,R
AMC_744,>8,R,>32/2,R
AMC_745,<=2,S,<=2/2,S
AMC_746,<=2,S,<=2/2,S
AMC_747,>8,R,>32/2,R
AMC_748,<=2,S,4/2,S
AMC_749,>8,R,>32/2,R
AMC_750,>8,R,8/2,S
AMC_751,>8,R,>32/2,R
AMC_752,>8,R,8/2,S
AMC_753,<=2,S,4/2,S
AMC_754,>8,R,>32/2,R
AMC_755,>8,R,16/2,R
AMC_756,>8,R,16/2,R
AMC_757,<=2,S,<=2/2,S
AMC_758,>8,R,8/2,S
AMC_759,<=2,S,<=2/2,S
AMC_760,>8,R,32/2,R
AMC_761,>8,R,16/2,R
AMC_762,>8,R,>32/2,R
AMC_763,8,S,4/2,S
AMC_764,<=2,S,4/2,S
AMC_765,<=2,S,4/2,S
AMC_766,<=2,S,4/2,S
AMC_767,<=2,S,4/2,S
AMC_768,>8,R,16/2,R
AMC_769,>8,R,>32/2,R
AMC_770,<=2,S,<=2/2,S
AMC_771,<=2,S,4/2,S
AMC_772,>8,R,>32/2,R
AMC_773,<=2,S,4/2,S
AMC_774,>8,R,32/2,R
AMC_775,>8,R,>32/2,R
AMC_776,<=2,S,4/2,S
AMC_777,<=2,S,<=2/2,S
AMC_778,>8,R,>32/2,R
AMC_779,>8,R,>32/2,R
AMC_780,<=2,S,4/2,S
AMC_781,<=2,S,4/2,S
AMC_782,>8,R,32/2,R
AMC_783,<=2,S,4/2,S
AMC_784,<=2,S,4/2,S
AMC_785,>8,R,8/2,S
AMC_786,<=2,S,<=2/2,S
AMC_787,>8,R,>32/2,R
AMC_788,<=2,S,4/2,S
AMC_789,<=2,S,<=2/2,S
AMC_790,<=2,S,4/2,S
AMC_791,<=2,S,<=2/2,S
AMC_792,<=2,S,<=2/2,S
AMC_793,>8,R,8/2,S
AMC_794,<=2,S,4/2,S
AMC_795,<=2,S,<=2/2,S
AMC_796,>8,R,32/2,R
AMC_797,>8,R,>32/2,R
AMC_798,<=2,S,4/2,S
AMC_799,>8,R,>32/2,R
AMC_800,<=2,S,4/2,S
AMC_801,<=2,S,<=2/2,S
AMC_802,>8,R,>32/2,R
AMC_803,<=2,S,<=2/2,S
AMC_804,4,S,4/2,S
AMC_805,>8,R,>32/2,R
AMC_806,>8,R,32/2,R
AMC_807,<=2,S,<=2/2,S
AMC_808,<=2,S,<=2/2,S
AMC_809,>8,R,16/2,R
AMC_810,<=2,S,<=2/2,S
AMC_811,<=2,S,4/2,S
AMC_812,>8,R,32/2,R
AMC_813,>8,R,8/2,S
AMC_814,>8,R,32/2,R
AMC_815,4,S,8/2,S
AMC_816,>8,R,>32/2,R
AMC_817,<=2,S,4/2,S
AMC_818,<=2,S,4/2,S
AMC_819,>8,R,8/2,S
AMC_820,<=2,S,<=2/2,S
AMC_821,<=2,S,<=2/2,S
AMC_822,>8,R,32/2,R
AMC_823,<=2,S,<=2/2,S
AMC_824,>8,R,>32/2,R
AMC_825,>8,R,32/2,R
AMC_826,4,S,4/2,S
AMC_827,<=2,S,4/2,S
AMC_828,>8,R,>32/2,R
AMC_829,4,S,8/2,S
AMC_830,<=2,S,4/2,S
AMC_831,<=2,S,4/2,S
AMC_832,>8,R,8/2,S
AMC_833,>8,R,8/2,S
AMC_834,>8,R,32/2,R
AMC_835,<=2,S,4/2,S
AMC_836,<=2,S,4/2,S
AMC_837,>8,R,16/2,R
AMC_838,>8,R,>32/2,R
AMC_839,>8,R,16/2,R
AMC_840,>8,R,8/2,S
AMC_841,<=2,S,<=2/2,S
AMC_842,<=2,S,4/2,S
AMC_843,>8,R,8/2,S
AMC_844,>8,R,16/2,R
AMC_845,>8,R,8/2,S
AMC_846,<=2,S,4/2,S
AMC_847,>8,R,8/2,S
AMC_848,<=2,S,4/2,S
AMC_849,4,S,8/2,S
AMC_850,>8,R,4/2,S
AMC_851,>8,R,8/2,S
AMC_852,>8,R,8/2,S
AMC_853,4,S,4/2,S
AMC_854,>8,R,8/2,S
AMC_855,<=2,S,4/2,S
AMC_856,>8,R,16/2,R
AMC_857,<=2,S,4/2,S
AMC_858,<=2,S,4/2,S
AMC_859,>8,R,4/2,S
AMC_860,>8,R,>32/2,R
AMC_861,<=2,S,4/2,S
AMC_862,<=2,S,4/2,S
AMC_863,>8,R,4/2,S
AMC_864,<=2,S,<=2/2,S
AMC_865,>8,R,>32/2,R
AMC_866,>8,R,>32/2,R
AMC_867,<=2,S,<=2/2,S
AMC_868,>8,R,4/2,S
AMC_869,>8,R,8/2,S
AMC_870,4,S,4/2,S
AMC_871,<=2,S,<=2/2,S
AMC_872,>8,R,16/2,R
AMC_873,>8,R,8/2,S
AMC_874,>8,R,>32/2,R
AMC_875,>8,R,>32/2,R
AMC_876,>8,R,>32/2,R
AMC_877,<=2,S,4/2,S
AMC_878,>8,R,16/2,R
AMC_879,>8,R,8/2,S
AMC_880,>8,R,>32/2,R
AMC_881,>8,R,>32/2,R
AMC_882,<=2,S,<=2/2,S
AMC_883,>8,R,8/2,S
AMC_884,>8,R,>32/2,R
AMC_885,<=2,S,<=2/2,S
AMC_886,<=2,S,4/2,S
AMC_887,<=2,S,4/2,S
AMC_888,<=2,S,4/2,S
AMC_889,>8,R,>32/2,R
AMC_890,4,S,4/2,S
AMC_891,<=2,S,<=2/2,S
AMC_892,4,S,8/2,S
AMC_893,>8,R,>32/2,R
AMC_894,>8,R,4/2,S
AMC_895,>8,R,>32/2,R
AMC_896,>8,R,8/2,S
AMC_897,>8,R,>32/2,R
AMC_898,>8,R,32/2,R
AMC_899,>8,R,8/2,S
AMC_900,>8,R,>32/2,R
AMC_901,<=2,S,4/2,S
AMC_902,>8,R,8/2,S
AMC_903,>8,R,>32/2,R
AMC_904,>8,R,>32/2,R
AMC_905,>8,R,16/2,R
AMC_906,>8,R,8/2,S
AMC_907,>8,R,16/2,R
AMC_908,>8,R,16/2,R
AMC_909,<=2,S,4/2,S
AMC_910,>8,R,16/2,R
AMC_911,<=2,S,4/2,S
AMC_912,<=2,S,4/2,S
AMC_913,<=2,S,<=2/2,S
AMC_914,<=2,S,<=2/2,S
AMC_915,>8,R,>32/2,R
AMC_916,>8,R,>32/2,R
AMC_917,>8,R,>32/2,R
AMC_918,>8,R,8/2,S
AMC_919,<=2,S,<=2/2,S
AMC_920,<=2,S,<=2/2,S
AMC_921,>8,R,>32/2,R
AMC_922,<=2,S,<=2/2,S
AMC_923,<=2,S,<=2/2,S
AMC_924,>8,R,8/2,S
AMC_925,>8,R,>32/2,R
AMC_926,>8,R,>32/2,R
AMC_927,<=2,S,<=2/2,S
AMC_928,>8,R,>32/2,R
AMC_929,<=2,S,<=2/2,S
AMC_930,>8,R,8/2,S
AMC_931,>8,R,4/2,S
AMC_932,<=2,S,<=2/2,S
AMC_933,>8,R,32/2,R
AMC_934,>8,R,8/2,S
AMC_935,>8,R,>32/2,R
AMC_936,>8,R,>32/2,R
AMC_937,>8,R,>32/2,R
AMC_938,>8,R,32/2,R
AMC_939,>8,R,32/2,R
AMC_940,<=2,S,4/2,S
AMC_941,<=2,S,4/2,S
AMC_942,>8,R,16/2,R
AMC_943,<=2,S,4/2,S
AMC_944,>8,R,16/2,R
AMC_945,<=2,S,<=2/2,S
AMC_946,>8,R,16/2,R
AMC_947,>8,R,16/2,R
AMC_948,>8,R,16/2,R
AMC_949,>8,R,>32/2,R
AMC_950,>8,R,8/2,S
AMC_951,>8,R,8/2,S
AMC_952,>8,R,>32/2,R
AMC_953,<=2,S,<=2/2,S
AMC_954,<=2,S,<=2/2,S
AMC_955,>8,R,8/2,S
AMC_956,>8,R,>32/2,R
AMC_957,<=2,S,4/2,S
AMC_958,>8,R,32/2,R
AMC_959,<=2,S,4/2,S
AMC_960,>8,R,16/2,R
AMC_961,>8,R,>32/2,R
AMC_962,>8,R,8/2,S
AMC_963,<=2,S,<=2/2,S
AMC_964,>8,R,16/2,R
AMC_965,<=2,S,4/2,S
AMC_966,<=2,S,4/2,S
AMC_967,<=2,S,<=2/2,S
AMC_968,<=2,S,<=2/2,S
AMC_969,>8,R,>32/2,R
AMC_970,<=2,S,4/2,S
AMC_971,>8,R,32/2,R
AMC_972,<=2,S,4/2,S
AMC_973,>8,R,8/2,S
AMC_974,>8,R,8/2,S
AMC_975,>8,R,32/2,R
