isolate,mlst,mlst_cat,mlst_131,mlst_95,mlst_73,mlst_69,complete_agardil
AMC_0,550.0,OTHER,0,0,0,0,0
AMC_1,73.0,73,0,0,1,0,1
AMC_2,131.0,131,1,0,0,0,1
AMC_3,131.0,131,1,0,0,0,0
AMC_4,131.0,131,1,0,0,0,0
AMC_5,10.0,OTHER,0,0,0,0,0
AMC_6,12.0,OTHER,0,0,0,0,1
AMC_7,131.0,131,1,0,0,0,1
AMC_8,409.0,OTHER,0,0,0,0,0
AMC_9,69.0,69,0,0,0,1,0
AMC_10,10.0,OTHER,0,0,0,0,1
AMC_11,73.0,73,0,0,1,0,0
AMC_12,95.0,95,0,1,0,0,0
AMC_13,95.0,95,0,1,0,0,0
AMC_14,73.0,73,0,0,1,0,0
AMC_15,131.0,131,1,0,0,0,0
AMC_16,73.0,73,0,0,1,0,0
AMC_17,73.0,73,0,0,1,0,0
AMC_18,88.0,OTHER,0,0,0,0,0
AMC_19,131.0,131,1,0,0,0,1
AMC_20,73.0,73,0,0,1,0,0
AMC_21,12.0,OTHER,0,0,0,0,0
AMC_22,23.0,OTHER,0,0,0,0,0
AMC_23,95.0,95,0,1,0,0,0
AMC_24,155.0,OTHER,0,0,0,0,0
AMC_25,131.0,131,1,0,0,0,0
AMC_26,2619.0,OTHER,0,0,0,0,0
AMC_27,635.0,OTHER,0,0,0,0,0
AMC_28,2521.0,OTHER,0,0,0,0,1
AMC_29,73.0,73,0,0,1,0,1
AMC_30,69.0,69,0,0,0,1,0
AMC_31,127.0,OTHER,0,0,0,0,0
AMC_32,69.0,69,0,0,0,1,1
AMC_33,162.0,OTHER,0,0,0,0,0
AMC_34,5484.0,OTHER,0,0,0,0,0
AMC_35,95.0,95,0,1,0,0,0
AMC_36,73.0,73,0,0,1,0,1
AMC_37,48.0,OTHER,0,0,0,0,0
AMC_38,73.0,73,0,0,1,0,0
AMC_39,95.0,95,0,1,0,0,0
AMC_40,95.0,95,0,1,0,0,0
AMC_41,95.0,95,0,1,0,0,0
AMC_42,1057.0,OTHER,0,0,0,0,0
AMC_43,88.0,OTHER,0,0,0,0,1
AMC_44,69.0,69,0,0,0,1,1
AMC_45,5208.0,OTHER,0,0,0,0,0
AMC_46,73.0,73,0,0,1,0,0
AMC_47,73.0,73,0,0,1,0,0
AMC_48,95.0,95,0,1,0,0,0
AMC_49,73.0,73,0,0,1,0,0
AMC_50,569.0,OTHER,0,0,0,0,0
AMC_51,95.0,95,0,1,0,0,1
AMC_52,nan,OTHER,0,0,0,0,0
AMC_53,676.0,OTHER,0,0,0,0,0
AMC_54,131.0,131,1,0,0,0,0
AMC_55,73.0,73,0,0,1,0,0
AMC_56,69.0,69,0,0,0,1,0
AMC_57,73.0,73,0,0,1,0,0
AMC_58,73.0,73,0,0,1,0,1
AMC_59,95.0,95,0,1,0,0,0
AMC_60,80.0,OTHER,0,0,0,0,0
AMC_61,69.0,69,0,0,0,1,1
AMC_62,127.0,OTHER,0,0,0,0,0
AMC_63,1674.0,OTHER,0,0,0,0,1
AMC_64,131.0,131,1,0,0,0,0
AMC_65,131.0,131,1,0,0,0,0
AMC_66,131.0,131,1,0,0,0,0
AMC_67,95.0,95,0,1,0,0,0
AMC_68,91.0,OTHER,0,0,0,0,1
AMC_69,73.0,73,0,0,1,0,0
AMC_70,544.0,OTHER,0,0,0,0,0
AMC_71,410.0,OTHER,0,0,0,0,0
AMC_72,nan,OTHER,0,0,0,0,0
AMC_73,73.0,73,0,0,1,0,0
AMC_74,95.0,95,0,1,0,0,0
AMC_75,95.0,95,0,1,0,0,0
AMC_76,nan,OTHER,0,0,0,0,0
AMC_77,88.0,OTHER,0,0,0,0,1
AMC_78,428.0,OTHER,0,0,0,0,1
AMC_79,537.0,OTHER,0,0,0,0,0
AMC_80,73.0,73,0,0,1,0,0
AMC_81,405.0,OTHER,0,0,0,0,0
AMC_82,95.0,95,0,1,0,0,1
AMC_83,144.0,OTHER,0,0,0,0,0
AMC_84,405.0,OTHER,0,0,0,0,0
AMC_85,404.0,OTHER,0,0,0,0,0
AMC_86,69.0,69,0,0,0,1,1
AMC_87,nan,OTHER,0,0,0,0,1
AMC_88,978.0,OTHER,0,0,0,0,0
AMC_89,69.0,69,0,0,0,1,0
AMC_90,12.0,OTHER,0,0,0,0,0
AMC_91,12.0,OTHER,0,0,0,0,0
AMC_92,127.0,OTHER,0,0,0,0,0
AMC_93,nan,OTHER,0,0,0,0,0
AMC_94,12.0,OTHER,0,0,0,0,0
AMC_95,12.0,OTHER,0,0,0,0,0
AMC_96,69.0,69,0,0,0,1,0
AMC_97,131.0,131,1,0,0,0,1
AMC_98,131.0,131,1,0,0,0,1
AMC_99,69.0,69,0,0,0,1,0
AMC_100,357.0,OTHER,0,0,0,0,0
AMC_101,69.0,69,0,0,0,1,0
AMC_102,95.0,95,0,1,0,0,0
AMC_103,73.0,73,0,0,1,0,0
AMC_104,69.0,69,0,0,0,1,1
AMC_105,131.0,131,1,0,0,0,1
AMC_106,69.0,69,0,0,0,1,0
AMC_107,624.0,OTHER,0,0,0,0,0
AMC_108,34.0,OTHER,0,0,0,0,0
AMC_109,127.0,OTHER,0,0,0,0,0
AMC_110,73.0,73,0,0,1,0,0
AMC_111,131.0,131,1,0,0,0,0
AMC_112,69.0,69,0,0,0,1,0
AMC_113,131.0,131,1,0,0,0,0
AMC_114,12.0,OTHER,0,0,0,0,0
AMC_115,nan,OTHER,0,0,0,0,0
AMC_116,131.0,131,1,0,0,0,1
AMC_117,7523.0,OTHER,0,0,0,0,0
AMC_118,127.0,OTHER,0,0,0,0,0
AMC_119,69.0,69,0,0,0,1,1
AMC_120,62.0,OTHER,0,0,0,0,0
AMC_121,nan,OTHER,0,0,0,0,0
AMC_122,73.0,73,0,0,1,0,0
AMC_123,131.0,131,1,0,0,0,1
AMC_124,nan,OTHER,0,0,0,0,1
AMC_125,69.0,69,0,0,0,1,0
AMC_126,73.0,73,0,0,1,0,0
AMC_127,73.0,73,0,0,1,0,0
AMC_128,73.0,73,0,0,1,0,0
AMC_129,95.0,95,0,1,0,0,0
AMC_130,69.0,69,0,0,0,1,0
AMC_131,648.0,OTHER,0,0,0,0,0
AMC_132,12.0,OTHER,0,0,0,0,0
AMC_133,144.0,OTHER,0,0,0,0,0
AMC_134,23.0,OTHER,0,0,0,0,0
AMC_135,69.0,69,0,0,0,1,0
AMC_136,5566.0,OTHER,0,0,0,0,0
AMC_137,nan,OTHER,0,0,0,0,0
AMC_138,1193.0,OTHER,0,0,0,0,0
AMC_139,131.0,131,1,0,0,0,0
AMC_140,88.0,OTHER,0,0,0,0,1
AMC_141,73.0,73,0,0,1,0,1
AMC_142,167.0,OTHER,0,0,0,0,0
AMC_143,1670.0,OTHER,0,0,0,0,0
AMC_144,1193.0,OTHER,0,0,0,0,0
AMC_145,nan,OTHER,0,0,0,0,1
AMC_146,399.0,OTHER,0,0,0,0,0
AMC_147,73.0,73,0,0,1,0,0
AMC_148,404.0,OTHER,0,0,0,0,1
AMC_149,73.0,73,0,0,1,0,1
AMC_150,95.0,95,0,1,0,0,0
AMC_151,69.0,69,0,0,0,1,0
AMC_152,73.0,73,0,0,1,0,0
AMC_153,538.0,OTHER,0,0,0,0,0
AMC_154,999.0,OTHER,0,0,0,0,0
AMC_155,131.0,131,1,0,0,0,1
AMC_156,73.0,73,0,0,1,0,0
AMC_157,58.0,OTHER,0,0,0,0,0
AMC_158,405.0,OTHER,0,0,0,0,1
AMC_159,131.0,131,1,0,0,0,1
AMC_160,131.0,131,1,0,0,0,0
AMC_161,1057.0,OTHER,0,0,0,0,0
AMC_162,nan,OTHER,0,0,0,0,0
AMC_163,68.0,OTHER,0,0,0,0,0
AMC_164,69.0,69,0,0,0,1,0
AMC_165,73.0,73,0,0,1,0,0
AMC_166,127.0,OTHER,0,0,0,0,0
AMC_167,1828.0,OTHER,0,0,0,0,1
AMC_168,144.0,OTHER,0,0,0,0,1
AMC_169,357.0,OTHER,0,0,0,0,1
AMC_170,73.0,73,0,0,1,0,0
AMC_171,1406.0,OTHER,0,0,0,0,0
AMC_172,10.0,OTHER,0,0,0,0,1
AMC_173,405.0,OTHER,0,0,0,0,0
AMC_174,131.0,131,1,0,0,0,1
AMC_175,69.0,69,0,0,0,1,1
AMC_176,69.0,69,0,0,0,1,1
AMC_177,69.0,69,0,0,0,1,0
AMC_178,10.0,OTHER,0,0,0,0,0
AMC_179,69.0,69,0,0,0,1,0
AMC_180,131.0,131,1,0,0,0,0
AMC_181,12.0,OTHER,0,0,0,0,1
AMC_182,73.0,73,0,0,1,0,0
AMC_183,131.0,131,1,0,0,0,0
AMC_184,404.0,OTHER,0,0,0,0,1
AMC_185,48.0,OTHER,0,0,0,0,0
AMC_186,428.0,OTHER,0,0,0,0,0
AMC_187,73.0,73,0,0,1,0,0
AMC_188,355.0,OTHER,0,0,0,0,1
AMC_189,127.0,OTHER,0,0,0,0,0
AMC_190,12.0,OTHER,0,0,0,0,0
AMC_191,131.0,131,1,0,0,0,1
AMC_192,131.0,131,1,0,0,0,1
AMC_193,69.0,69,0,0,0,1,1
AMC_194,3202.0,OTHER,0,0,0,0,0
AMC_195,73.0,73,0,0,1,0,1
AMC_196,73.0,73,0,0,1,0,1
AMC_197,73.0,73,0,0,1,0,0
AMC_198,95.0,95,0,1,0,0,0
AMC_199,59.0,OTHER,0,0,0,0,0
AMC_200,73.0,73,0,0,1,0,0
AMC_201,117.0,OTHER,0,0,0,0,1
AMC_202,10.0,OTHER,0,0,0,0,0
AMC_203,131.0,131,1,0,0,0,0
AMC_204,73.0,73,0,0,1,0,0
AMC_205,131.0,131,1,0,0,0,1
AMC_206,409.0,OTHER,0,0,0,0,0
AMC_207,648.0,OTHER,0,0,0,0,1
AMC_208,95.0,95,0,1,0,0,1
AMC_209,1434.0,OTHER,0,0,0,0,0
AMC_210,95.0,95,0,1,0,0,1
AMC_211,405.0,OTHER,0,0,0,0,0
AMC_212,73.0,73,0,0,1,0,0
AMC_213,144.0,OTHER,0,0,0,0,0
AMC_214,95.0,95,0,1,0,0,0
AMC_215,95.0,95,0,1,0,0,0
AMC_216,73.0,73,0,0,1,0,0
AMC_217,69.0,69,0,0,0,1,0
AMC_218,73.0,73,0,0,1,0,0
AMC_219,69.0,69,0,0,0,1,0
AMC_220,69.0,69,0,0,0,1,0
AMC_221,452.0,OTHER,0,0,0,0,0
AMC_222,95.0,95,0,1,0,0,1
AMC_223,69.0,69,0,0,0,1,1
AMC_224,398.0,OTHER,0,0,0,0,0
AMC_225,80.0,OTHER,0,0,0,0,1
AMC_226,404.0,OTHER,0,0,0,0,0
AMC_227,88.0,OTHER,0,0,0,0,0
AMC_228,2617.0,OTHER,0,0,0,0,0
AMC_229,nan,OTHER,0,0,0,0,1
AMC_230,227.0,OTHER,0,0,0,0,0
AMC_231,69.0,69,0,0,0,1,0
AMC_232,603.0,OTHER,0,0,0,0,0
AMC_233,73.0,73,0,0,1,0,0
AMC_234,46.0,OTHER,0,0,0,0,1
AMC_235,10.0,OTHER,0,0,0,0,0
AMC_236,69.0,69,0,0,0,1,0
AMC_237,73.0,73,0,0,1,0,1
AMC_238,410.0,OTHER,0,0,0,0,1
AMC_239,1884.0,OTHER,0,0,0,0,0
AMC_240,73.0,73,0,0,1,0,1
AMC_241,38.0,OTHER,0,0,0,0,1
AMC_242,73.0,73,0,0,1,0,0
AMC_243,95.0,95,0,1,0,0,0
AMC_244,144.0,OTHER,0,0,0,0,0
AMC_245,416.0,OTHER,0,0,0,0,0
AMC_246,nan,OTHER,0,0,0,0,1
AMC_247,131.0,131,1,0,0,0,0
AMC_248,6163.0,OTHER,0,0,0,0,0
AMC_249,117.0,OTHER,0,0,0,0,0
AMC_250,93.0,OTHER,0,0,0,0,0
AMC_251,69.0,69,0,0,0,1,0
AMC_252,73.0,73,0,0,1,0,0
AMC_253,88.0,OTHER,0,0,0,0,0
AMC_254,131.0,131,1,0,0,0,1
AMC_255,73.0,73,0,0,1,0,0
AMC_256,393.0,OTHER,0,0,0,0,0
AMC_257,69.0,69,0,0,0,1,0
AMC_258,1406.0,OTHER,0,0,0,0,0
AMC_259,95.0,95,0,1,0,0,0
AMC_260,144.0,OTHER,0,0,0,0,0
AMC_261,127.0,OTHER,0,0,0,0,0
AMC_262,23.0,OTHER,0,0,0,0,0
AMC_263,131.0,131,1,0,0,0,0
AMC_264,1236.0,OTHER,0,0,0,0,1
AMC_265,10.0,OTHER,0,0,0,0,0
AMC_266,59.0,OTHER,0,0,0,0,0
AMC_267,95.0,95,0,1,0,0,0
AMC_268,73.0,73,0,0,1,0,0
AMC_269,95.0,95,0,1,0,0,0
AMC_270,73.0,73,0,0,1,0,0
AMC_271,131.0,131,1,0,0,0,0
AMC_272,73.0,73,0,0,1,0,0
AMC_273,12.0,OTHER,0,0,0,0,0
AMC_274,540.0,OTHER,0,0,0,0,0
AMC_275,95.0,95,0,1,0,0,0
AMC_276,131.0,131,1,0,0,0,1
AMC_277,131.0,131,1,0,0,0,0
AMC_278,349.0,OTHER,0,0,0,0,0
AMC_279,569.0,OTHER,0,0,0,0,0
AMC_280,62.0,OTHER,0,0,0,0,0
AMC_281,95.0,95,0,1,0,0,0
AMC_282,131.0,131,1,0,0,0,0
AMC_283,416.0,OTHER,0,0,0,0,0
AMC_284,12.0,OTHER,0,0,0,0,1
AMC_285,144.0,OTHER,0,0,0,0,0
AMC_286,73.0,73,0,0,1,0,0
AMC_287,141.0,OTHER,0,0,0,0,0
AMC_288,1262.0,OTHER,0,0,0,0,1
AMC_289,1092.0,OTHER,0,0,0,0,0
AMC_290,12.0,OTHER,0,0,0,0,0
AMC_291,95.0,95,0,1,0,0,0
AMC_292,131.0,131,1,0,0,0,1
AMC_293,nan,OTHER,0,0,0,0,0
AMC_294,998.0,OTHER,0,0,0,0,0
AMC_295,88.0,OTHER,0,0,0,0,0
AMC_296,847.0,OTHER,0,0,0,0,0
AMC_297,73.0,73,0,0,1,0,1
AMC_298,73.0,73,0,0,1,0,0
AMC_299,117.0,OTHER,0,0,0,0,1
AMC_300,131.0,131,1,0,0,0,0
AMC_301,73.0,73,0,0,1,0,0
AMC_302,10.0,OTHER,0,0,0,0,1
AMC_303,73.0,73,0,0,1,0,0
AMC_304,410.0,OTHER,0,0,0,0,1
AMC_305,73.0,73,0,0,1,0,1
AMC_306,3052.0,OTHER,0,0,0,0,1
AMC_307,998.0,OTHER,0,0,0,0,1
AMC_308,538.0,OTHER,0,0,0,0,0
AMC_309,95.0,95,0,1,0,0,0
AMC_310,70.0,OTHER,0,0,0,0,0
AMC_311,538.0,OTHER,0,0,0,0,0
AMC_312,404.0,OTHER,0,0,0,0,0
AMC_313,73.0,73,0,0,1,0,0
AMC_314,10.0,OTHER,0,0,0,0,0
AMC_315,73.0,73,0,0,1,0,1
AMC_316,80.0,OTHER,0,0,0,0,1
AMC_317,363.0,OTHER,0,0,0,0,0
AMC_318,95.0,95,0,1,0,0,1
AMC_319,73.0,73,0,0,1,0,0
AMC_320,10.0,OTHER,0,0,0,0,0
AMC_321,nan,OTHER,0,0,0,0,0
AMC_322,95.0,95,0,1,0,0,0
AMC_323,196.0,OTHER,0,0,0,0,0
AMC_324,73.0,73,0,0,1,0,0
AMC_325,140.0,OTHER,0,0,0,0,0
AMC_326,362.0,OTHER,0,0,0,0,0
AMC_327,1193.0,OTHER,0,0,0,0,0
AMC_328,23.0,OTHER,0,0,0,0,0
AMC_329,69.0,69,0,0,0,1,0
AMC_330,1057.0,OTHER,0,0,0,0,0
AMC_331,10.0,OTHER,0,0,0,0,0
AMC_332,404.0,OTHER,0,0,0,0,0
AMC_333,144.0,OTHER,0,0,0,0,0
AMC_334,223.0,OTHER,0,0,0,0,0
AMC_335,999.0,OTHER,0,0,0,0,0
AMC_336,38.0,OTHER,0,0,0,0,0
AMC_337,640.0,OTHER,0,0,0,0,1
AMC_338,6447.0,OTHER,0,0,0,0,0
AMC_339,nan,OTHER,0,0,0,0,0
AMC_340,3101.0,OTHER,0,0,0,0,0
AMC_341,46.0,OTHER,0,0,0,0,0
AMC_342,62.0,OTHER,0,0,0,0,0
AMC_343,131.0,131,1,0,0,0,0
AMC_344,73.0,73,0,0,1,0,0
AMC_345,2166.0,OTHER,0,0,0,0,0
AMC_346,12.0,OTHER,0,0,0,0,0
AMC_347,1994.0,OTHER,0,0,0,0,0
AMC_348,73.0,73,0,0,1,0,0
AMC_349,2332.0,OTHER,0,0,0,0,0
AMC_350,998.0,OTHER,0,0,0,0,1
AMC_351,73.0,73,0,0,1,0,0
AMC_352,69.0,69,0,0,0,1,0
AMC_353,491.0,OTHER,0,0,0,0,0
AMC_354,131.0,131,1,0,0,0,0
AMC_355,95.0,95,0,1,0,0,0
AMC_356,12.0,OTHER,0,0,0,0,1
AMC_357,131.0,131,1,0,0,0,0
AMC_358,410.0,OTHER,0,0,0,0,1
AMC_359,59.0,OTHER,0,0,0,0,0
AMC_360,14.0,OTHER,0,0,0,0,0
AMC_361,95.0,95,0,1,0,0,0
AMC_362,nan,OTHER,0,0,0,0,0
AMC_363,607.0,OTHER,0,0,0,0,0
AMC_364,69.0,69,0,0,0,1,0
AMC_365,91.0,OTHER,0,0,0,0,0
AMC_366,nan,OTHER,0,0,0,0,0
AMC_367,69.0,69,0,0,0,1,0
AMC_368,2570.0,OTHER,0,0,0,0,1
AMC_369,1057.0,OTHER,0,0,0,0,0
AMC_370,162.0,OTHER,0,0,0,0,0
AMC_371,73.0,73,0,0,1,0,0
AMC_372,10.0,OTHER,0,0,0,0,0
AMC_373,95.0,95,0,1,0,0,0
AMC_374,1193.0,OTHER,0,0,0,0,0
AMC_375,14.0,OTHER,0,0,0,0,0
AMC_376,131.0,131,1,0,0,0,0
AMC_377,196.0,OTHER,0,0,0,0,0
AMC_378,929.0,OTHER,0,0,0,0,0
AMC_379,131.0,131,1,0,0,0,0
AMC_380,69.0,69,0,0,0,1,1
AMC_381,131.0,131,1,0,0,0,1
AMC_382,73.0,73,0,0,1,0,0
AMC_383,73.0,73,0,0,1,0,0
AMC_384,83.0,OTHER,0,0,0,0,0
AMC_385,80.0,OTHER,0,0,0,0,0
AMC_386,106.0,OTHER,0,0,0,0,0
AMC_387,38.0,OTHER,0,0,0,0,0
AMC_388,83.0,OTHER,0,0,0,0,0
AMC_389,131.0,131,1,0,0,0,0
AMC_390,95.0,95,0,1,0,0,0
AMC_391,73.0,73,0,0,1,0,1
AMC_392,38.0,OTHER,0,0,0,0,1
AMC_393,73.0,73,0,0,1,0,0
AMC_394,131.0,131,1,0,0,0,0
AMC_395,131.0,131,1,0,0,0,0
AMC_396,12.0,OTHER,0,0,0,0,0
AMC_397,428.0,OTHER,0,0,0,0,1
AMC_398,540.0,OTHER,0,0,0,0,0
AMC_399,73.0,73,0,0,1,0,0
AMC_400,2141.0,OTHER,0,0,0,0,0
AMC_401,10.0,OTHER,0,0,0,0,0
AMC_402,550.0,OTHER,0,0,0,0,0
AMC_403,69.0,69,0,0,0,1,1
AMC_404,416.0,OTHER,0,0,0,0,0
AMC_405,73.0,73,0,0,1,0,0
AMC_406,131.0,131,1,0,0,0,1
AMC_407,12.0,OTHER,0,0,0,0,0
AMC_408,73.0,73,0,0,1,0,0
AMC_409,73.0,73,0,0,1,0,1
AMC_410,2141.0,OTHER,0,0,0,0,0
AMC_411,372.0,OTHER,0,0,0,0,0
AMC_412,4750.0,OTHER,0,0,0,0,0
AMC_413,73.0,73,0,0,1,0,0
AMC_414,23.0,OTHER,0,0,0,0,1
AMC_415,23.0,OTHER,0,0,0,0,0
AMC_416,1193.0,OTHER,0,0,0,0,0
AMC_417,345.0,OTHER,0,0,0,0,0
AMC_418,34.0,OTHER,0,0,0,0,1
AMC_419,nan,OTHER,0,0,0,0,0
AMC_420,12.0,OTHER,0,0,0,0,1
AMC_421,569.0,OTHER,0,0,0,0,0
AMC_422,95.0,95,0,1,0,0,0
AMC_423,69.0,69,0,0,0,1,0
AMC_424,73.0,73,0,0,1,0,0
AMC_425,636.0,OTHER,0,0,0,0,1
AMC_426,144.0,OTHER,0,0,0,0,0
AMC_427,5351.0,OTHER,0,0,0,0,0
AMC_428,58.0,OTHER,0,0,0,0,0
AMC_429,95.0,95,0,1,0,0,0
AMC_430,nan,OTHER,0,0,0,0,0
AMC_431,127.0,OTHER,0,0,0,0,0
AMC_432,127.0,OTHER,0,0,0,0,0
AMC_433,12.0,OTHER,0,0,0,0,0
AMC_434,73.0,73,0,0,1,0,1
AMC_435,216.0,OTHER,0,0,0,0,1
AMC_436,73.0,73,0,0,1,0,0
AMC_437,162.0,OTHER,0,0,0,0,1
AMC_438,73.0,73,0,0,1,0,0
AMC_439,443.0,OTHER,0,0,0,0,0
AMC_440,95.0,95,0,1,0,0,1
AMC_441,69.0,69,0,0,0,1,1
AMC_442,69.0,69,0,0,0,1,0
AMC_443,1193.0,OTHER,0,0,0,0,1
AMC_444,69.0,69,0,0,0,1,0
AMC_445,131.0,131,1,0,0,0,0
AMC_446,73.0,73,0,0,1,0,0
AMC_447,73.0,73,0,0,1,0,1
AMC_448,847.0,OTHER,0,0,0,0,1
AMC_449,73.0,73,0,0,1,0,0
AMC_450,1057.0,OTHER,0,0,0,0,0
AMC_451,73.0,73,0,0,1,0,0
AMC_452,10.0,OTHER,0,0,0,0,0
AMC_453,95.0,95,0,1,0,0,0
AMC_454,73.0,73,0,0,1,0,1
AMC_455,1152.0,OTHER,0,0,0,0,0
AMC_456,131.0,131,1,0,0,0,1
AMC_457,95.0,95,0,1,0,0,0
AMC_458,3858.0,OTHER,0,0,0,0,1
AMC_459,10.0,OTHER,0,0,0,0,0
AMC_460,131.0,131,1,0,0,0,0
AMC_461,69.0,69,0,0,0,1,0
AMC_462,59.0,OTHER,0,0,0,0,0
AMC_463,399.0,OTHER,0,0,0,0,0
AMC_464,131.0,131,1,0,0,0,0
AMC_465,131.0,131,1,0,0,0,1
AMC_466,357.0,OTHER,0,0,0,0,1
AMC_467,73.0,73,0,0,1,0,1
AMC_468,95.0,95,0,1,0,0,0
AMC_469,73.0,73,0,0,1,0,0
AMC_470,80.0,OTHER,0,0,0,0,0
AMC_471,410.0,OTHER,0,0,0,0,0
AMC_472,357.0,OTHER,0,0,0,0,0
AMC_473,nan,OTHER,0,0,0,0,0
AMC_474,648.0,OTHER,0,0,0,0,0
AMC_475,73.0,73,0,0,1,0,1
AMC_476,69.0,69,0,0,0,1,1
AMC_477,131.0,131,1,0,0,0,0
AMC_478,14.0,OTHER,0,0,0,0,0
AMC_479,131.0,131,1,0,0,0,1
AMC_480,73.0,73,0,0,1,0,0
AMC_481,88.0,OTHER,0,0,0,0,0
AMC_482,131.0,131,1,0,0,0,0
AMC_483,10.0,OTHER,0,0,0,0,1
AMC_484,73.0,73,0,0,1,0,0
AMC_485,648.0,OTHER,0,0,0,0,1
AMC_486,73.0,73,0,0,1,0,0
AMC_487,1158.0,OTHER,0,0,0,0,0
AMC_488,648.0,OTHER,0,0,0,0,1
AMC_489,362.0,OTHER,0,0,0,0,0
AMC_490,372.0,OTHER,0,0,0,0,0
AMC_491,297.0,OTHER,0,0,0,0,0
AMC_492,59.0,OTHER,0,0,0,0,0
AMC_493,131.0,131,1,0,0,0,1
AMC_494,428.0,OTHER,0,0,0,0,0
AMC_495,362.0,OTHER,0,0,0,0,0
AMC_496,421.0,OTHER,0,0,0,0,0
AMC_497,155.0,OTHER,0,0,0,0,0
AMC_498,73.0,73,0,0,1,0,0
AMC_499,95.0,95,0,1,0,0,0
AMC_500,80.0,OTHER,0,0,0,0,0
AMC_501,421.0,OTHER,0,0,0,0,0
AMC_502,127.0,OTHER,0,0,0,0,0
AMC_503,73.0,73,0,0,1,0,0
AMC_504,372.0,OTHER,0,0,0,0,1
AMC_505,95.0,95,0,1,0,0,1
AMC_506,428.0,OTHER,0,0,0,0,0
AMC_507,73.0,73,0,0,1,0,0
AMC_508,636.0,OTHER,0,0,0,0,1
AMC_509,127.0,OTHER,0,0,0,0,0
AMC_510,73.0,73,0,0,1,0,0
AMC_511,131.0,131,1,0,0,0,0
AMC_512,410.0,OTHER,0,0,0,0,0
AMC_513,131.0,131,1,0,0,0,0
AMC_514,6453.0,OTHER,0,0,0,0,0
AMC_515,144.0,OTHER,0,0,0,0,0
AMC_516,127.0,OTHER,0,0,0,0,0
AMC_517,73.0,73,0,0,1,0,0
AMC_518,69.0,69,0,0,0,1,0
AMC_519,73.0,73,0,0,1,0,1
AMC_520,127.0,OTHER,0,0,0,0,0
AMC_521,95.0,95,0,1,0,0,0
AMC_522,2795.0,OTHER,0,0,0,0,0
AMC_523,73.0,73,0,0,1,0,0
AMC_524,73.0,73,0,0,1,0,1
AMC_525,131.0,131,1,0,0,0,1
AMC_526,1604.0,OTHER,0,0,0,0,0
AMC_527,162.0,OTHER,0,0,0,0,0
AMC_528,69.0,69,0,0,0,1,0
AMC_529,117.0,OTHER,0,0,0,0,0
AMC_530,95.0,95,0,1,0,0,0
AMC_531,216.0,OTHER,0,0,0,0,0
AMC_532,127.0,OTHER,0,0,0,0,1
AMC_533,73.0,73,0,0,1,0,1
AMC_534,457.0,OTHER,0,0,0,0,1
AMC_535,73.0,73,0,0,1,0,0
AMC_536,131.0,131,1,0,0,0,1
AMC_537,453.0,OTHER,0,0,0,0,0
AMC_538,nan,OTHER,0,0,0,0,1
AMC_539,69.0,69,0,0,0,1,1
AMC_540,144.0,OTHER,0,0,0,0,0
AMC_541,95.0,95,0,1,0,0,0
AMC_542,73.0,73,0,0,1,0,0
AMC_543,73.0,73,0,0,1,0,1
AMC_544,73.0,73,0,0,1,0,0
AMC_545,135.0,OTHER,0,0,0,0,0
AMC_546,127.0,OTHER,0,0,0,0,0
AMC_547,12.0,OTHER,0,0,0,0,1
AMC_548,127.0,OTHER,0,0,0,0,0
AMC_549,95.0,95,0,1,0,0,0
AMC_550,73.0,73,0,0,1,0,0
AMC_551,404.0,OTHER,0,0,0,0,1
AMC_552,73.0,73,0,0,1,0,1
AMC_553,69.0,69,0,0,0,1,1
AMC_554,963.0,OTHER,0,0,0,0,1
AMC_555,73.0,73,0,0,1,0,0
AMC_556,69.0,69,0,0,0,1,0
AMC_557,12.0,OTHER,0,0,0,0,0
AMC_558,131.0,131,1,0,0,0,1
AMC_559,1861.0,OTHER,0,0,0,0,0
AMC_560,538.0,OTHER,0,0,0,0,0
AMC_561,141.0,OTHER,0,0,0,0,0
AMC_562,23.0,OTHER,0,0,0,0,0
AMC_563,117.0,OTHER,0,0,0,0,0
AMC_564,73.0,73,0,0,1,0,1
AMC_565,131.0,131,1,0,0,0,0
AMC_566,372.0,OTHER,0,0,0,0,0
AMC_567,14.0,OTHER,0,0,0,0,1
AMC_568,624.0,OTHER,0,0,0,0,0
AMC_569,544.0,OTHER,0,0,0,0,0
AMC_570,127.0,OTHER,0,0,0,0,0
AMC_571,131.0,131,1,0,0,0,0
AMC_572,73.0,73,0,0,1,0,0
AMC_573,69.0,69,0,0,0,1,0
AMC_574,12.0,OTHER,0,0,0,0,1
AMC_575,69.0,69,0,0,0,1,0
AMC_576,73.0,73,0,0,1,0,0
AMC_577,73.0,73,0,0,1,0,0
AMC_578,404.0,OTHER,0,0,0,0,0
AMC_579,4993.0,OTHER,0,0,0,0,0
AMC_580,95.0,95,0,1,0,0,0
AMC_581,73.0,73,0,0,1,0,0
AMC_582,10.0,OTHER,0,0,0,0,0
AMC_583,95.0,95,0,1,0,0,0
AMC_584,95.0,95,0,1,0,0,0
AMC_585,69.0,69,0,0,0,1,0
AMC_586,95.0,95,0,1,0,0,0
AMC_587,nan,OTHER,0,0,0,0,0
AMC_588,73.0,73,0,0,1,0,1
AMC_589,10.0,OTHER,0,0,0,0,0
AMC_590,405.0,OTHER,0,0,0,0,1
AMC_591,73.0,73,0,0,1,0,1
AMC_592,131.0,131,1,0,0,0,0
AMC_593,73.0,73,0,0,1,0,1
AMC_594,127.0,OTHER,0,0,0,0,0
AMC_595,1083.0,OTHER,0,0,0,0,1
AMC_596,73.0,73,0,0,1,0,0
AMC_597,7348.0,OTHER,0,0,0,0,0
AMC_598,131.0,131,1,0,0,0,0
AMC_599,141.0,OTHER,0,0,0,0,0
AMC_600,95.0,95,0,1,0,0,0
AMC_601,362.0,OTHER,0,0,0,0,0
AMC_602,5331.0,OTHER,0,0,0,0,0
AMC_603,95.0,95,0,1,0,0,1
AMC_604,73.0,73,0,0,1,0,1
AMC_605,73.0,73,0,0,1,0,0
AMC_606,10.0,OTHER,0,0,0,0,1
AMC_607,95.0,95,0,1,0,0,0
AMC_608,144.0,OTHER,0,0,0,0,0
AMC_609,144.0,OTHER,0,0,0,0,1
AMC_610,69.0,69,0,0,0,1,1
AMC_611,95.0,95,0,1,0,0,0
AMC_612,131.0,131,1,0,0,0,1
AMC_613,131.0,131,1,0,0,0,0
AMC_614,59.0,OTHER,0,0,0,0,0
AMC_615,95.0,95,0,1,0,0,1
AMC_616,95.0,95,0,1,0,0,0
AMC_617,58.0,OTHER,0,0,0,0,1
AMC_618,131.0,131,1,0,0,0,0
AMC_619,12.0,OTHER,0,0,0,0,1
AMC_620,95.0,95,0,1,0,0,0
AMC_621,69.0,69,0,0,0,1,0
AMC_622,14.0,OTHER,0,0,0,0,0
AMC_623,69.0,69,0,0,0,1,0
AMC_624,69.0,69,0,0,0,1,1
AMC_625,131.0,131,1,0,0,0,0
AMC_626,73.0,73,0,0,1,0,1
AMC_627,nan,OTHER,0,0,0,0,0
AMC_628,404.0,OTHER,0,0,0,0,0
AMC_629,429.0,OTHER,0,0,0,0,0
AMC_630,73.0,73,0,0,1,0,0
AMC_631,929.0,OTHER,0,0,0,0,1
AMC_632,131.0,131,1,0,0,0,1
AMC_633,69.0,69,0,0,0,1,0
AMC_634,23.0,OTHER,0,0,0,0,0
AMC_635,12.0,OTHER,0,0,0,0,1
AMC_636,131.0,131,1,0,0,0,1
AMC_637,69.0,69,0,0,0,1,1
AMC_638,69.0,69,0,0,0,1,0
AMC_639,69.0,69,0,0,0,1,0
AMC_640,95.0,95,0,1,0,0,0
AMC_641,10.0,OTHER,0,0,0,0,0
AMC_642,95.0,95,0,1,0,0,0
AMC_643,80.0,OTHER,0,0,0,0,0
AMC_644,636.0,OTHER,0,0,0,0,0
AMC_645,537.0,OTHER,0,0,0,0,1
AMC_646,95.0,95,0,1,0,0,0
AMC_647,80.0,OTHER,0,0,0,0,1
AMC_648,399.0,OTHER,0,0,0,0,0
AMC_649,144.0,OTHER,0,0,0,0,1
AMC_650,131.0,131,1,0,0,0,1
AMC_651,38.0,OTHER,0,0,0,0,0
AMC_652,58.0,OTHER,0,0,0,0,1
AMC_653,640.0,OTHER,0,0,0,0,0
AMC_654,162.0,OTHER,0,0,0,0,0
AMC_655,1262.0,OTHER,0,0,0,0,0
AMC_656,73.0,73,0,0,1,0,0
AMC_657,88.0,OTHER,0,0,0,0,0
AMC_658,nan,OTHER,0,0,0,0,0
AMC_659,131.0,131,1,0,0,0,0
AMC_660,127.0,OTHER,0,0,0,0,1
AMC_661,95.0,95,0,1,0,0,0
AMC_662,12.0,OTHER,0,0,0,0,0
AMC_663,80.0,OTHER,0,0,0,0,0
AMC_664,59.0,OTHER,0,0,0,0,0
AMC_665,117.0,OTHER,0,0,0,0,0
AMC_666,69.0,69,0,0,0,1,1
AMC_667,14.0,OTHER,0,0,0,0,0
AMC_668,12.0,OTHER,0,0,0,0,0
AMC_669,12.0,OTHER,0,0,0,0,1
AMC_670,131.0,131,1,0,0,0,1
AMC_671,88.0,OTHER,0,0,0,0,0
AMC_672,73.0,73,0,0,1,0,0
AMC_673,69.0,69,0,0,0,1,0
AMC_674,127.0,OTHER,0,0,0,0,0
AMC_675,59.0,OTHER,0,0,0,0,0
AMC_676,720.0,OTHER,0,0,0,0,0
AMC_677,95.0,95,0,1,0,0,1
AMC_678,127.0,OTHER,0,0,0,0,0
AMC_679,23.0,OTHER,0,0,0,0,0
AMC_680,69.0,69,0,0,0,1,0
AMC_681,131.0,131,1,0,0,0,1
AMC_682,69.0,69,0,0,0,1,1
AMC_683,10.0,OTHER,0,0,0,0,0
AMC_684,34.0,OTHER,0,0,0,0,1
AMC_685,14.0,OTHER,0,0,0,0,0
AMC_686,nan,OTHER,0,0,0,0,1
AMC_687,5484.0,OTHER,0,0,0,0,0
AMC_688,73.0,73,0,0,1,0,1
AMC_689,131.0,131,1,0,0,0,0
AMC_690,88.0,OTHER,0,0,0,0,1
AMC_691,44.0,OTHER,0,0,0,0,0
AMC_692,73.0,73,0,0,1,0,0
AMC_693,131.0,131,1,0,0,0,1
AMC_694,127.0,OTHER,0,0,0,0,0
AMC_695,131.0,131,1,0,0,0,0
AMC_696,5463.0,OTHER,0,0,0,0,0
AMC_697,131.0,131,1,0,0,0,0
AMC_698,12.0,OTHER,0,0,0,0,1
AMC_699,95.0,95,0,1,0,0,0
AMC_700,405.0,OTHER,0,0,0,0,1
AMC_701,38.0,OTHER,0,0,0,0,1
AMC_702,73.0,73,0,0,1,0,0
AMC_703,73.0,73,0,0,1,0,1
AMC_704,131.0,131,1,0,0,0,0
AMC_705,131.0,131,1,0,0,0,0
AMC_706,404.0,OTHER,0,0,0,0,0
AMC_707,131.0,131,1,0,0,0,1
AMC_708,538.0,OTHER,0,0,0,0,0
AMC_709,5853.0,OTHER,0,0,0,0,0
AMC_710,12.0,OTHER,0,0,0,0,1
AMC_711,141.0,OTHER,0,0,0,0,0
AMC_712,399.0,OTHER,0,0,0,0,0
AMC_713,73.0,73,0,0,1,0,0
AMC_714,399.0,OTHER,0,0,0,0,1
AMC_715,56.0,OTHER,0,0,0,0,0
AMC_716,428.0,OTHER,0,0,0,0,1
AMC_717,1161.0,OTHER,0,0,0,0,0
AMC_718,73.0,73,0,0,1,0,0
AMC_719,69.0,69,0,0,0,1,0
AMC_720,73.0,73,0,0,1,0,0
AMC_721,59.0,OTHER,0,0,0,0,0
AMC_722,73.0,73,0,0,1,0,1
AMC_723,131.0,131,1,0,0,0,0
AMC_724,73.0,73,0,0,1,0,1
AMC_725,131.0,131,1,0,0,0,1
AMC_726,73.0,73,0,0,1,0,0
AMC_727,95.0,95,0,1,0,0,0
AMC_728,73.0,73,0,0,1,0,0
AMC_729,23.0,OTHER,0,0,0,0,0
AMC_730,141.0,OTHER,0,0,0,0,0
AMC_731,73.0,73,0,0,1,0,0
AMC_732,12.0,OTHER,0,0,0,0,0
AMC_733,95.0,95,0,1,0,0,0
AMC_734,56.0,OTHER,0,0,0,0,1
AMC_735,12.0,OTHER,0,0,0,0,0
AMC_736,538.0,OTHER,0,0,0,0,0
AMC_737,6375.0,OTHER,0,0,0,0,0
AMC_738,73.0,73,0,0,1,0,0
AMC_739,131.0,131,1,0,0,0,1
AMC_740,69.0,69,0,0,0,1,1
AMC_741,1057.0,OTHER,0,0,0,0,0
AMC_742,131.0,131,1,0,0,0,0
AMC_743,95.0,95,0,1,0,0,0
AMC_744,131.0,131,1,0,0,0,0
AMC_745,362.0,OTHER,0,0,0,0,0
AMC_746,144.0,OTHER,0,0,0,0,0
AMC_747,95.0,95,0,1,0,0,1
AMC_748,127.0,OTHER,0,0,0,0,0
AMC_749,131.0,131,1,0,0,0,0
AMC_750,131.0,131,1,0,0,0,0
AMC_751,131.0,131,1,0,0,0,0
AMC_752,69.0,69,0,0,0,1,0
AMC_753,69.0,69,0,0,0,1,0
AMC_754,2973.0,OTHER,0,0,0,0,0
AMC_755,95.0,95,0,1,0,0,0
AMC_756,73.0,73,0,0,1,0,1
AMC_757,95.0,95,0,1,0,0,0
AMC_758,2141.0,OTHER,0,0,0,0,0
AMC_759,405.0,OTHER,0,0,0,0,0
AMC_760,69.0,69,0,0,0,1,1
AMC_761,73.0,73,0,0,1,0,0
AMC_762,69.0,69,0,0,0,1,1
AMC_763,14.0,OTHER,0,0,0,0,0
AMC_764,7630.0,OTHER,0,0,0,0,0
AMC_765,106.0,OTHER,0,0,0,0,0
AMC_766,58.0,OTHER,0,0,0,0,0
AMC_767,357.0,OTHER,0,0,0,0,1
AMC_768,95.0,95,0,1,0,0,0
AMC_769,95.0,95,0,1,0,0,0
AMC_770,144.0,OTHER,0,0,0,0,0
AMC_771,73.0,73,0,0,1,0,0
AMC_772,131.0,131,1,0,0,0,1
AMC_773,95.0,95,0,1,0,0,0
AMC_774,131.0,131,1,0,0,0,1
AMC_775,131.0,131,1,0,0,0,1
AMC_776,12.0,OTHER,0,0,0,0,0
AMC_777,127.0,OTHER,0,0,0,0,0
AMC_778,38.0,OTHER,0,0,0,0,1
AMC_779,95.0,95,0,1,0,0,1
AMC_780,135.0,OTHER,0,0,0,0,0
AMC_781,2020.0,OTHER,0,0,0,0,0
AMC_782,131.0,131,1,0,0,0,1
AMC_783,3202.0,OTHER,0,0,0,0,0
AMC_784,1618.0,OTHER,0,0,0,0,0
AMC_785,88.0,OTHER,0,0,0,0,0
AMC_786,69.0,69,0,0,0,1,0
AMC_787,12.0,OTHER,0,0,0,0,1
AMC_788,421.0,OTHER,0,0,0,0,0
AMC_789,80.0,OTHER,0,0,0,0,0
AMC_790,58.0,OTHER,0,0,0,0,0
AMC_791,83.0,OTHER,0,0,0,0,0
AMC_792,358.0,OTHER,0,0,0,0,0
AMC_793,12.0,OTHER,0,0,0,0,1
AMC_794,73.0,73,0,0,1,0,0
AMC_795,550.0,OTHER,0,0,0,0,0
AMC_796,69.0,69,0,0,0,1,1
AMC_797,667.0,OTHER,0,0,0,0,0
AMC_798,4260.0,OTHER,0,0,0,0,0
AMC_799,950.0,OTHER,0,0,0,0,1
AMC_800,58.0,OTHER,0,0,0,0,0
AMC_801,69.0,69,0,0,0,1,0
AMC_802,117.0,OTHER,0,0,0,0,0
AMC_803,127.0,OTHER,0,0,0,0,0
AMC_804,363.0,OTHER,0,0,0,0,0
AMC_805,58.0,OTHER,0,0,0,0,1
AMC_806,83.0,OTHER,0,0,0,0,0
AMC_807,131.0,131,1,0,0,0,1
AMC_808,95.0,95,0,1,0,0,0
AMC_809,69.0,69,0,0,0,1,0
AMC_810,95.0,95,0,1,0,0,0
AMC_811,73.0,73,0,0,1,0,1
AMC_812,69.0,69,0,0,0,1,0
AMC_813,69.0,69,0,0,0,1,0
AMC_814,491.0,OTHER,0,0,0,0,1
AMC_815,131.0,131,1,0,0,0,0
AMC_816,73.0,73,0,0,1,0,1
AMC_817,538.0,OTHER,0,0,0,0,0
AMC_818,73.0,73,0,0,1,0,0
AMC_819,131.0,131,1,0,0,0,0
AMC_820,127.0,OTHER,0,0,0,0,0
AMC_821,69.0,69,0,0,0,1,0
AMC_822,131.0,131,1,0,0,0,0
AMC_823,69.0,69,0,0,0,1,0
AMC_824,131.0,131,1,0,0,0,1
AMC_825,372.0,OTHER,0,0,0,0,0
AMC_826,12.0,OTHER,0,0,0,0,0
AMC_827,73.0,73,0,0,1,0,0
AMC_828,127.0,OTHER,0,0,0,0,1
AMC_829,453.0,OTHER,0,0,0,0,1
AMC_830,2248.0,OTHER,0,0,0,0,0
AMC_831,73.0,73,0,0,1,0,0
AMC_832,95.0,95,0,1,0,0,0
AMC_833,95.0,95,0,1,0,0,0
AMC_834,131.0,131,1,0,0,0,0
AMC_835,73.0,73,0,0,1,0,0
AMC_836,10.0,OTHER,0,0,0,0,0
AMC_837,7515.0,OTHER,0,0,0,0,0
AMC_838,73.0,73,0,0,1,0,0
AMC_839,nan,OTHER,0,0,0,0,0
AMC_840,131.0,131,1,0,0,0,0
AMC_841,69.0,69,0,0,0,1,0
AMC_842,95.0,95,0,1,0,0,0
AMC_843,73.0,73,0,0,1,0,1
AMC_844,95.0,95,0,1,0,0,0
AMC_845,73.0,73,0,0,1,0,0
AMC_846,28.0,OTHER,0,0,0,0,0
AMC_847,394.0,OTHER,0,0,0,0,0
AMC_848,73.0,73,0,0,1,0,0
AMC_849,73.0,73,0,0,1,0,1
AMC_850,69.0,69,0,0,0,1,1
AMC_851,73.0,73,0,0,1,0,0
AMC_852,131.0,131,1,0,0,0,1
AMC_853,2622.0,OTHER,0,0,0,0,0
AMC_854,95.0,95,0,1,0,0,0
AMC_855,1771.0,OTHER,0,0,0,0,0
AMC_856,131.0,131,1,0,0,0,0
AMC_857,23.0,OTHER,0,0,0,0,0
AMC_858,12.0,OTHER,0,0,0,0,1
AMC_859,69.0,69,0,0,0,1,1
AMC_860,131.0,131,1,0,0,0,1
AMC_861,73.0,73,0,0,1,0,0
AMC_862,95.0,95,0,1,0,0,0
AMC_863,421.0,OTHER,0,0,0,0,0
AMC_864,23.0,OTHER,0,0,0,0,0
AMC_865,12.0,OTHER,0,0,0,0,1
AMC_866,14.0,OTHER,0,0,0,0,0
AMC_867,95.0,95,0,1,0,0,1
AMC_868,73.0,73,0,0,1,0,0
AMC_869,144.0,OTHER,0,0,0,0,0
AMC_870,12.0,OTHER,0,0,0,0,0
AMC_871,607.0,OTHER,0,0,0,0,0
AMC_872,73.0,73,0,0,1,0,0
AMC_873,12.0,OTHER,0,0,0,0,0
AMC_874,131.0,131,1,0,0,0,0
AMC_875,88.0,OTHER,0,0,0,0,1
AMC_876,372.0,OTHER,0,0,0,0,1
AMC_877,127.0,OTHER,0,0,0,0,0
AMC_878,131.0,131,1,0,0,0,0
AMC_879,95.0,95,0,1,0,0,1
AMC_880,nan,OTHER,0,0,0,0,1
AMC_881,73.0,73,0,0,1,0,0
AMC_882,95.0,95,0,1,0,0,0
AMC_883,69.0,69,0,0,0,1,0
AMC_884,88.0,OTHER,0,0,0,0,1
AMC_885,73.0,73,0,0,1,0,0
AMC_886,68.0,OTHER,0,0,0,0,0
AMC_887,nan,OTHER,0,0,0,0,0
AMC_888,136.0,OTHER,0,0,0,0,0
AMC_889,73.0,73,0,0,1,0,0
AMC_890,131.0,131,1,0,0,0,0
AMC_891,69.0,69,0,0,0,1,0
AMC_892,421.0,OTHER,0,0,0,0,0
AMC_893,12.0,OTHER,0,0,0,0,0
AMC_894,69.0,69,0,0,0,1,0
AMC_895,73.0,73,0,0,1,0,0
AMC_896,1193.0,OTHER,0,0,0,0,0
AMC_897,131.0,131,1,0,0,0,1
AMC_898,681.0,OTHER,0,0,0,0,0
AMC_899,131.0,131,1,0,0,0,0
AMC_900,131.0,131,1,0,0,0,0
AMC_901,453.0,OTHER,0,0,0,0,0
AMC_902,69.0,69,0,0,0,1,1
AMC_903,746.0,OTHER,0,0,0,0,0
AMC_904,73.0,73,0,0,1,0,1
AMC_905,69.0,69,0,0,0,1,0
AMC_906,1946.0,OTHER,0,0,0,0,0
AMC_907,73.0,73,0,0,1,0,0
AMC_908,131.0,131,1,0,0,0,0
AMC_909,1722.0,OTHER,0,0,0,0,0
AMC_910,131.0,131,1,0,0,0,0
AMC_911,73.0,73,0,0,1,0,1
AMC_912,95.0,95,0,1,0,0,0
AMC_913,127.0,OTHER,0,0,0,0,0
AMC_914,69.0,69,0,0,0,1,0
AMC_915,345.0,OTHER,0,0,0,0,1
AMC_916,nan,OTHER,0,0,0,0,1
AMC_917,10.0,OTHER,0,0,0,0,0
AMC_918,1193.0,OTHER,0,0,0,0,1
AMC_919,144.0,OTHER,0,0,0,0,1
AMC_920,10.0,OTHER,0,0,0,0,0
AMC_921,367.0,OTHER,0,0,0,0,1
AMC_922,nan,OTHER,0,0,0,0,0
AMC_923,14.0,OTHER,0,0,0,0,0
AMC_924,2279.0,OTHER,0,0,0,0,0
AMC_925,131.0,131,1,0,0,0,1
AMC_926,12.0,OTHER,0,0,0,0,0
AMC_927,540.0,OTHER,0,0,0,0,0
AMC_928,73.0,73,0,0,1,0,1
AMC_929,1049.0,OTHER,0,0,0,0,1
AMC_930,69.0,69,0,0,0,1,0
AMC_931,69.0,69,0,0,0,1,1
AMC_932,978.0,OTHER,0,0,0,0,0
AMC_933,12.0,OTHER,0,0,0,0,0
AMC_934,95.0,95,0,1,0,0,1
AMC_935,131.0,131,1,0,0,0,1
AMC_936,410.0,OTHER,0,0,0,0,1
AMC_937,131.0,131,1,0,0,0,0
AMC_938,117.0,OTHER,0,0,0,0,1
AMC_939,131.0,131,1,0,0,0,1
AMC_940,73.0,73,0,0,1,0,0
AMC_941,127.0,OTHER,0,0,0,0,0
AMC_942,127.0,OTHER,0,0,0,0,0
AMC_943,416.0,OTHER,0,0,0,0,0
AMC_944,12.0,OTHER,0,0,0,0,0
AMC_945,10.0,OTHER,0,0,0,0,0
AMC_946,88.0,OTHER,0,0,0,0,0
AMC_947,80.0,OTHER,0,0,0,0,1
AMC_948,131.0,131,1,0,0,0,1
AMC_949,69.0,69,0,0,0,1,0
AMC_950,131.0,131,1,0,0,0,1
AMC_951,1193.0,OTHER,0,0,0,0,0
AMC_952,nan,OTHER,0,0,0,0,0
AMC_953,144.0,OTHER,0,0,0,0,0
AMC_954,69.0,69,0,0,0,1,0
AMC_955,95.0,95,0,1,0,0,1
AMC_956,416.0,OTHER,0,0,0,0,0
AMC_957,140.0,OTHER,0,0,0,0,0
AMC_958,95.0,95,0,1,0,0,1
AMC_959,131.0,131,1,0,0,0,0
AMC_960,59.0,OTHER,0,0,0,0,1
AMC_961,131.0,131,1,0,0,0,1
AMC_962,73.0,73,0,0,1,0,0
AMC_963,420.0,OTHER,0,0,0,0,0
AMC_964,404.0,OTHER,0,0,0,0,1
AMC_965,nan,OTHER,0,0,0,0,0
AMC_966,349.0,OTHER,0,0,0,0,1
AMC_967,69.0,69,0,0,0,1,0
AMC_968,10.0,OTHER,0,0,0,0,0
AMC_969,131.0,131,1,0,0,0,1
AMC_970,12.0,OTHER,0,0,0,0,0
AMC_971,131.0,131,1,0,0,0,0
AMC_972,127.0,OTHER,0,0,0,0,0
AMC_973,69.0,69,0,0,0,1,0
AMC_974,602.0,OTHER,0,0,0,0,0
AMC_975,131.0,131,1,0,0,0,0
