isolate,amp_mic,amp_sir,coa_mic,coa_sir,newcoa_mic,newamp_mic
AMC_0,<=2,S,<=2/2,S,2,2
AMC_1,>8,R,>32/2,R,64,16
AMC_2,>8,R,>32/2,R,64,16
AMC_3,>8,R,>32/2,R,64,16
AMC_4,>8,R,16/2,R,16,16
AMC_5,>8,R,4/2,S,4,16
AMC_6,>8,R,8/2,S,8,16
AMC_7,>8,R,>32/2,R,64,16
AMC_8,<=2,S,4/2,S,4,2
AMC_9,>8,R,8/2,S,8,16
AMC_10,>8,R,>32/2,R,64,16
AMC_11,<=2,S,4/2,S,4,2
AMC_12,<=2,S,4/2,S,4,2
AMC_13,<=2,S,4/2,S,4,2
AMC_14,<=2,S,4/2,S,4,2
AMC_15,>8,R,4/2,S,4,16
AMC_16,>8,R,32/2,R,32,16
AMC_17,<=2,S,4/2,S,4,2
AMC_18,<=2,S,4/2,S,4,2
AMC_19,>8,R,>32/2,R,64,16
AMC_20,<=2,S,4/2,S,4,2
AMC_21,<=2,S,4/2,S,4,2
AMC_22,>8,R,<=2/2,S,2,16
AMC_23,<=2,S,<=2/2,S,2,2
AMC_24,<=2,S,<=2/2,S,2,2
AMC_25,<=2,S,4/2,S,4,2
AMC_26,>8,R,8/2,S,8,16
AMC_27,<=2,S,<=2/2,S,2,2
AMC_28,<=2,S,8/2,S,8,2
AMC_29,>8,R,>32/2,R,64,16
AMC_30,>8,R,16/2,R,16,16
AMC_31,<=2,S,4/2,S,4,2
AMC_32,>8,R,16/2,R,16,16
AMC_33,<=2,S,4/2,S,4,2
AMC_34,<=2,S,<=2/2,S,2,2
AMC_35,<=2,S,4/2,S,4,2
AMC_36,>8,R,4/2,S,4,16
AMC_37,>8,R,4/2,S,4,16
AMC_38,<=2,S,4/2,S,4,2
AMC_39,<=2,S,4/2,S,4,2
AMC_40,>8,R,8/2,S,8,16
AMC_41,<=2,S,<=2/2,S,2,2
AMC_42,<=2,S,<=2/2,S,2,2
AMC_43,>8,R,>32/2,R,64,16
AMC_44,>8,R,<=2/2,S,2,16
AMC_45,>8,R,8/2,S,8,16
AMC_46,>8,R,>32/2,R,64,16
AMC_47,<=2,S,<=2/2,S,2,2
AMC_48,>8,R,8/2,S,8,16
AMC_49,<=2,S,<=2/2,S,2,2
AMC_50,>8,R,16/2,R,16,16
AMC_51,>8,R,8/2,S,8,16
AMC_52,<=2,S,<=2/2,S,2,2
AMC_53,<=2,S,4/2,S,4,2
AMC_54,<=2,S,4/2,S,4,2
AMC_55,<=2,S,4/2,S,4,2
AMC_56,>8,R,16/2,R,16,16
AMC_57,<=2,S,<=2/2,S,2,2
AMC_58,>8,R,>32/2,R,64,16
AMC_59,<=2,S,4/2,S,4,2
AMC_60,<=2,S,<=2/2,S,2,2
AMC_61,>8,R,>32/2,R,64,16
AMC_62,<=2,S,4/2,S,4,2
AMC_63,>8,R,>32/2,R,64,16
AMC_64,<=2,S,4/2,S,4,2
AMC_65,<=2,S,4/2,S,4,2
AMC_66,<=2,S,4/2,S,4,2
AMC_67,<=2,S,4/2,S,4,2
AMC_68,>8,R,32/2,R,32,16
AMC_69,>8,R,4/2,S,4,16
AMC_70,<=2,S,4/2,S,4,2
AMC_71,>8,R,>32/2,R,64,16
AMC_72,4,S,4/2,S,4,4
AMC_73,<=2,S,4/2,S,4,2
AMC_74,<=2,S,4/2,S,4,2
AMC_75,<=2,S,<=2/2,S,2,2
AMC_76,<=2,S,4/2,S,4,2
AMC_77,>8,R,>32/2,R,64,16
AMC_78,>8,R,>32/2,R,64,16
AMC_79,<=2,S,4/2,S,4,2
AMC_80,<=2,S,<=2/2,S,2,2
AMC_81,>8,R,8/2,S,8,16
AMC_82,>8,R,>32/2,R,64,16
AMC_83,>8,R,16/2,R,16,16
AMC_84,4,S,16/2,R,16,4
AMC_85,<=2,S,4/2,S,4,2
AMC_86,>8,R,>32/2,R,64,16
AMC_87,<=2,S,4/2,S,4,2
AMC_88,<=2,S,<=2/2,S,2,2
AMC_89,>8,R,4/2,S,4,16
AMC_90,>8,R,>32/2,R,64,16
AMC_91,<=2,S,<=2/2,S,2,2
AMC_92,<=2,S,<=2/2,S,2,2
AMC_93,<=2,S,<=2/2,S,2,2
AMC_94,<=2,S,4/2,S,4,2
AMC_95,4,S,4/2,S,4,4
AMC_96,>8,R,8/2,S,8,16
AMC_97,>8,R,>32/2,R,64,16
AMC_98,>8,R,>32/2,R,64,16
AMC_99,>8,R,8/2,S,8,16
AMC_100,>8,R,4/2,S,4,16
AMC_101,<=2,S,<=2/2,S,2,2
AMC_102,<=2,S,4/2,S,4,2
AMC_103,<=2,S,<=2/2,S,2,2
AMC_104,>8,R,32/2,R,32,16
AMC_105,>8,R,>32/2,R,64,16
AMC_106,>8,R,8/2,S,8,16
AMC_107,>8,R,16/2,R,16,16
AMC_108,>8,R,>32/2,R,64,16
AMC_109,<=2,S,4/2,S,4,2
AMC_110,<=2,S,4/2,S,4,2
AMC_111,<=2,S,4/2,S,4,2
AMC_112,>8,R,8/2,S,8,16
AMC_113,>8,R,>32/2,R,64,16
AMC_114,>8,R,>32/2,R,64,16
AMC_115,<=2,S,4/2,S,4,2
AMC_116,>8,R,32/2,R,32,16
AMC_117,<=2,S,4/2,S,4,2
AMC_118,<=2,S,<=2/2,S,2,2
AMC_119,>8,R,16/2,R,16,16
AMC_120,>8,R,>32/2,R,64,16
AMC_121,>8,R,>32/2,R,64,16
AMC_122,<=2,S,4/2,S,4,2
AMC_123,>8,R,>32/2,R,64,16
AMC_124,>8,R,16/2,R,16,16
AMC_125,<=2,S,4/2,S,4,2
AMC_126,<=2,S,4/2,S,4,2
AMC_127,<=2,S,<=2/2,S,2,2
AMC_128,<=2,S,4/2,S,4,2
AMC_129,<=2,S,4/2,S,4,2
AMC_130,>8,R,16/2,R,16,16
AMC_131,4,S,8/2,S,8,4
AMC_132,<=2,S,4/2,S,4,2
AMC_133,<=2,S,<=2/2,S,2,2
AMC_134,>8,R,>32/2,R,64,16
AMC_135,>8,R,8/2,S,8,16
AMC_136,<=2,S,<=2/2,S,2,2
AMC_137,<=2,S,<=2/2,S,2,2
AMC_138,<=2,S,4/2,S,4,2
AMC_139,>8,R,>32/2,R,64,16
AMC_140,<=2,S,4/2,S,4,2
AMC_141,>8,R,4/2,S,4,16
AMC_142,4,S,4/2,S,4,4
AMC_143,<=2,S,4/2,S,4,2
AMC_144,>8,R,4/2,S,4,16
AMC_145,>8,R,>32/2,R,64,16
AMC_146,<=2,S,<=2/2,S,2,2
AMC_147,<=2,S,<=2/2,S,2,2
AMC_148,<=2,S,4/2,S,4,2
AMC_149,<=2,S,<=2/2,S,2,2
AMC_150,<=2,S,<=2/2,S,2,2
AMC_151,>8,R,8/2,S,8,16
AMC_152,<=2,S,<=2/2,S,2,2
AMC_153,<=2,S,4/2,S,4,2
AMC_154,4,S,4/2,S,4,4
AMC_155,>8,R,>32/2,R,64,16
AMC_156,<=2,S,<=2/2,S,2,2
AMC_157,>8,R,8/2,S,8,16
AMC_158,>8,R,>32/2,R,64,16
AMC_159,>8,R,4/2,S,4,16
AMC_160,<=2,S,4/2,S,4,2
AMC_161,<=2,S,<=2/2,S,2,2
AMC_162,<=2,S,4/2,S,4,2
AMC_163,>8,R,>32/2,R,64,16
AMC_164,>8,R,8/2,S,8,16
AMC_165,<=2,S,<=2/2,S,2,2
AMC_166,<=2,S,<=2/2,S,2,2
AMC_167,>8,R,>32/2,R,64,16
AMC_168,>8,R,4/2,S,4,16
AMC_169,<=2,S,4/2,S,4,2
AMC_170,<=2,S,4/2,S,4,2
AMC_171,>8,R,>32/2,R,64,16
AMC_172,>8,R,4/2,S,4,16
AMC_173,>8,R,8/2,S,8,16
AMC_174,>8,R,>32/2,R,64,16
AMC_175,>8,R,8/2,S,8,16
AMC_176,>8,R,4/2,S,4,16
AMC_177,<=2,S,<=2/2,S,2,2
AMC_178,<=2,S,<=2/2,S,2,2
AMC_179,>8,R,32/2,R,32,16
AMC_180,>8,R,16/2,R,16,16
AMC_181,>8,R,>32/2,R,64,16
AMC_182,<=2,S,<=2/2,S,2,2
AMC_183,>8,R,>32/2,R,64,16
AMC_184,>8,R,16/2,R,16,16
AMC_185,>8,R,16/2,R,16,16
AMC_186,<=2,S,<=2/2,S,2,2
AMC_187,>8,R,>32/2,R,64,16
AMC_188,<=2,S,4/2,S,4,2
AMC_189,<=2,S,4/2,S,4,2
AMC_190,<=2,S,4/2,S,4,2
AMC_191,>8,R,32/2,R,32,16
AMC_192,>8,R,8/2,S,8,16
AMC_193,>8,R,>32/2,R,64,16
AMC_194,4,S,4/2,S,4,4
AMC_195,>8,R,>32/2,R,64,16
AMC_196,>8,R,>32/2,R,64,16
AMC_197,<=2,S,4/2,S,4,2
AMC_198,>8,R,32/2,R,32,16
AMC_199,>8,R,>32/2,R,64,16
AMC_200,<=2,S,<=2/2,S,2,2
AMC_201,>8,R,8/2,S,8,16
AMC_202,<=2,S,<=2/2,S,2,2
AMC_203,>8,R,>32/2,R,64,16
AMC_204,>8,R,>32/2,R,64,16
AMC_205,>8,R,8/2,S,8,16
AMC_206,<=2,S,<=2/2,S,2,2
AMC_207,<=2,S,4/2,S,4,2
AMC_208,<=2,S,<=2/2,S,2,2
AMC_209,<=2,S,4/2,S,4,2
AMC_210,>8,R,8/2,S,8,16
AMC_211,>8,R,32/2,R,32,16
AMC_212,>8,R,8/2,S,8,16
AMC_213,<=2,S,<=2/2,S,2,2
AMC_214,>8,R,8/2,S,8,16
AMC_215,<=2,S,<=2/2,S,2,2
AMC_216,<=2,S,4/2,S,4,2
AMC_217,<=2,S,<=2/2,S,2,2
AMC_218,<=2,S,4/2,S,4,2
AMC_219,>8,R,8/2,S,8,16
AMC_220,>8,R,32/2,R,32,16
AMC_221,<=2,S,<=2/2,S,2,2
AMC_222,>8,R,8/2,S,8,16
AMC_223,>8,R,8/2,S,8,16
AMC_224,<=2,S,4/2,S,4,2
AMC_225,>8,R,>32/2,R,64,16
AMC_226,>8,R,16/2,R,16,16
AMC_227,>8,R,>32/2,R,64,16
AMC_228,>8,R,16/2,R,16,16
AMC_229,>8,R,>32/2,R,64,16
AMC_230,>8,R,>32/2,R,64,16
AMC_231,<=2,S,<=2/2,S,2,2
AMC_232,>8,R,>32/2,R,64,16
AMC_233,>8,R,32/2,R,32,16
AMC_234,<=2,S,<=2/2,S,2,2
AMC_235,>8,R,8/2,S,8,16
AMC_236,>8,R,8/2,S,8,16
AMC_237,>8,R,>32/2,R,64,16
AMC_238,>8,R,>32/2,R,64,16
AMC_239,<=2,S,4/2,S,4,2
AMC_240,4,S,8/2,S,8,4
AMC_241,>8,R,>32/2,R,64,16
AMC_242,<=2,S,4/2,S,4,2
AMC_243,>8,R,8/2,S,8,16
AMC_244,<=2,S,<=2/2,S,2,2
AMC_245,>8,R,8/2,S,8,16
AMC_246,4,S,8/2,S,8,4
AMC_247,>8,R,8/2,S,8,16
AMC_248,<=2,S,4/2,S,4,2
AMC_249,>8,R,8/2,S,8,16
AMC_250,<=2,S,<=2/2,S,2,2
AMC_251,>8,R,8/2,S,8,16
AMC_252,4,S,4/2,S,4,4
AMC_253,>8,R,>32/2,R,64,16
AMC_254,<=2,S,<=2/2,S,2,2
AMC_255,4,S,4/2,S,4,4
AMC_256,>8,R,>32/2,R,64,16
AMC_257,>8,R,4/2,S,4,16
AMC_258,>8,R,32/2,R,32,16
AMC_259,<=2,S,4/2,S,4,2
AMC_260,>8,R,<=2/2,S,2,16
AMC_261,<=2,S,4/2,S,4,2
AMC_262,<=2,S,<=2/2,S,2,2
AMC_263,>8,R,32/2,R,32,16
AMC_264,4,S,8/2,S,8,4
AMC_265,<=2,S,<=2/2,S,2,2
AMC_266,4,S,8/2,S,8,4
AMC_267,<=2,S,4/2,S,4,2
AMC_268,<=2,S,<=2/2,S,2,2
AMC_269,<=2,S,<=2/2,S,2,2
AMC_270,>8,R,8/2,S,8,16
AMC_271,<=2,S,4/2,S,4,2
AMC_272,>8,R,16/2,R,16,16
AMC_273,<=2,S,<=2/2,S,2,2
AMC_274,<=2,S,4/2,S,4,2
AMC_275,<=2,S,4/2,S,4,2
AMC_276,4,S,16/2,R,16,4
AMC_277,<=2,S,4/2,S,4,2
AMC_278,<=2,S,4/2,S,4,2
AMC_279,>8,R,32/2,R,32,16
AMC_280,<=2,S,4/2,S,4,2
AMC_281,>8,R,8/2,S,8,16
AMC_282,<=2,S,4/2,S,4,2
AMC_283,>8,R,>32/2,R,64,16
AMC_284,>8,R,16/2,R,16,16
AMC_285,<=2,S,<=2/2,S,2,2
AMC_286,>8,R,16/2,R,16,16
AMC_287,<=2,S,4/2,S,4,2
AMC_288,>8,R,>32/2,R,64,16
AMC_289,4,S,4/2,S,4,4
AMC_290,4,S,8/2,S,8,4
AMC_291,8,S,16/2,R,16,8
AMC_292,>8,R,8/2,S,8,16
AMC_293,<=2,S,4/2,S,4,2
AMC_294,<=2,S,<=2/2,S,2,2
AMC_295,>8,R,8/2,S,8,16
AMC_296,<=2,S,4/2,S,4,2
AMC_297,>8,R,>32/2,R,64,16
AMC_298,<=2,S,4/2,S,4,2
AMC_299,>8,R,16/2,R,16,16
AMC_300,>8,R,16/2,R,16,16
AMC_301,>8,R,4/2,S,4,16
AMC_302,>8,R,>32/2,R,64,16
AMC_303,>8,R,32/2,R,32,16
AMC_304,>8,R,>32/2,R,64,16
AMC_305,>8,R,>32/2,R,64,16
AMC_306,>8,R,>32/2,R,64,16
AMC_307,>8,R,>32/2,R,64,16
AMC_308,<=2,S,4/2,S,4,2
AMC_309,>8,R,8/2,S,8,16
AMC_310,>8,R,32/2,R,32,16
AMC_311,>8,R,16/2,R,16,16
AMC_312,<=2,S,4/2,S,4,2
AMC_313,>8,R,>32/2,R,64,16
AMC_314,<=2,S,<=2/2,S,2,2
AMC_315,>8,R,>32/2,R,64,16
AMC_316,>8,R,8/2,S,8,16
AMC_317,>8,R,16/2,R,16,16
AMC_318,>8,R,16/2,R,16,16
AMC_319,<=2,S,4/2,S,4,2
AMC_320,>8,R,8/2,S,8,16
AMC_321,>8,R,4/2,S,4,16
AMC_322,<=2,S,4/2,S,4,2
AMC_323,4,S,4/2,S,4,4
AMC_324,<=2,S,4/2,S,4,2
AMC_325,<=2,S,4/2,S,4,2
AMC_326,<=2,S,<=2/2,S,2,2
AMC_327,<=2,S,4/2,S,4,2
AMC_328,>8,R,8/2,S,8,16
AMC_329,<=2,S,<=2/2,S,2,2
AMC_330,<=2,S,<=2/2,S,2,2
AMC_331,>8,R,>32/2,R,64,16
AMC_332,<=2,S,4/2,S,4,2
AMC_333,<=2,S,<=2/2,S,2,2
AMC_334,>8,R,8/2,S,8,16
AMC_335,<=2,S,4/2,S,4,2
AMC_336,>8,R,>32/2,R,64,16
AMC_337,4,S,8/2,S,8,4
AMC_338,<=2,S,<=2/2,S,2,2
AMC_339,<=2,S,4/2,S,4,2
AMC_340,<=2,S,4/2,S,4,2
AMC_341,>8,R,8/2,S,8,16
AMC_342,>8,R,8/2,S,8,16
AMC_343,>8,R,8/2,S,8,16
AMC_344,<=2,S,8/2,S,8,2
AMC_345,<=2,S,4/2,S,4,2
AMC_346,>8,R,16/2,R,16,16
AMC_347,<=2,S,4/2,S,4,2
AMC_348,<=2,S,4/2,S,4,2
AMC_349,<=2,S,<=2/2,S,2,2
AMC_350,>8,R,4/2,S,4,16
AMC_351,>8,R,>32/2,R,64,16
AMC_352,>8,R,8/2,S,8,16
AMC_353,<=2,S,4/2,S,4,2
AMC_354,>8,R,8/2,S,8,16
AMC_355,>8,R,8/2,S,8,16
AMC_356,>8,R,>32/2,R,64,16
AMC_357,<=2,S,4/2,S,4,2
AMC_358,>8,R,>32/2,R,64,16
AMC_359,>8,R,8/2,S,8,16
AMC_360,>8,R,8/2,S,8,16
AMC_361,<=2,S,4/2,S,4,2
AMC_362,<=2,S,4/2,S,4,2
AMC_363,<=2,S,4/2,S,4,2
AMC_364,>8,R,>32/2,R,64,16
AMC_365,<=2,S,<=2/2,S,2,2
AMC_366,>8,R,8/2,S,8,16
AMC_367,>8,R,8/2,S,8,16
AMC_368,<=2,S,4/2,S,4,2
AMC_369,<=2,S,<=2/2,S,2,2
AMC_370,>8,R,8/2,S,8,16
AMC_371,<=2,S,<=2/2,S,2,2
AMC_372,>8,R,4/2,S,4,16
AMC_373,>8,R,16/2,R,16,16
AMC_374,>8,R,16/2,R,16,16
AMC_375,<=2,S,<=2/2,S,2,2
AMC_376,>8,R,16/2,R,16,16
AMC_377,>8,R,16/2,R,16,16
AMC_378,<=2,S,4/2,S,4,2
AMC_379,>8,R,>32/2,R,64,16
AMC_380,>8,R,4/2,S,4,16
AMC_381,>8,R,32/2,R,32,16
AMC_382,>8,R,32/2,R,32,16
AMC_383,<=2,S,4/2,S,4,2
AMC_384,>8,R,16/2,R,16,16
AMC_385,<=2,S,4/2,S,4,2
AMC_386,>8,R,4/2,S,4,16
AMC_387,>8,R,>32/2,R,64,16
AMC_388,>8,R,>32/2,R,64,16
AMC_389,>8,R,8/2,S,8,16
AMC_390,<=2,S,4/2,S,4,2
AMC_391,>8,R,>32/2,R,64,16
AMC_392,>8,R,>32/2,R,64,16
AMC_393,>8,R,8/2,S,8,16
AMC_394,<=2,S,4/2,S,4,2
AMC_395,>8,R,>32/2,R,64,16
AMC_396,>8,R,>32/2,R,64,16
AMC_397,4,S,8/2,S,8,4
AMC_398,>8,R,8/2,S,8,16
AMC_399,<=2,S,<=2/2,S,2,2
AMC_400,>8,R,8/2,S,8,16
AMC_401,>8,R,8/2,S,8,16
AMC_402,<=2,S,4/2,S,4,2
AMC_403,>8,R,8/2,S,8,16
AMC_404,<=2,S,4/2,S,4,2
AMC_405,>8,R,8/2,S,8,16
AMC_406,>8,R,>32/2,R,64,16
AMC_407,<=2,S,4/2,S,4,2
AMC_408,>8,R,8/2,S,8,16
AMC_409,>8,R,>32/2,R,64,16
AMC_410,>8,R,8/2,S,8,16
AMC_411,<=2,S,4/2,S,4,2
AMC_412,>8,R,16/2,R,16,16
AMC_413,>8,R,>32/2,R,64,16
AMC_414,>8,R,>32/2,R,64,16
AMC_415,>8,R,32/2,R,32,16
AMC_416,<=2,S,4/2,S,4,2
AMC_417,<=2,S,4/2,S,4,2
AMC_418,>8,R,>32/2,R,64,16
AMC_419,<=2,S,4/2,S,4,2
AMC_420,>8,R,16/2,R,16,16
AMC_421,>8,R,8/2,S,8,16
AMC_422,<=2,S,4/2,S,4,2
AMC_423,>8,R,8/2,S,8,16
AMC_424,<=2,S,<=2/2,S,2,2
AMC_425,>8,R,4/2,S,4,16
AMC_426,<=2,S,<=2/2,S,2,2
AMC_427,<=2,S,<=2/2,S,2,2
AMC_428,>8,R,8/2,S,8,16
AMC_429,>8,R,16/2,R,16,16
AMC_430,>8,R,16/2,R,16,16
AMC_431,>8,R,16/2,R,16,16
AMC_432,<=2,S,4/2,S,4,2
AMC_433,>8,R,>32/2,R,64,16
AMC_434,<=2,S,4/2,S,4,2
AMC_435,<=2,S,<=2/2,S,2,2
AMC_436,>8,R,8/2,S,8,16
AMC_437,>8,R,4/2,S,4,16
AMC_438,<=2,S,4/2,S,4,2
AMC_439,>8,R,8/2,S,8,16
AMC_440,>8,R,8/2,S,8,16
AMC_441,>8,R,4/2,S,4,16
AMC_442,>8,R,16/2,R,16,16
AMC_443,<=2,S,4/2,S,4,2
AMC_444,>8,R,32/2,R,32,16
AMC_445,<=2,S,4/2,S,4,2
AMC_446,<=2,S,4/2,S,4,2
AMC_447,>8,R,>32/2,R,64,16
AMC_448,>8,R,32/2,R,32,16
AMC_449,>8,R,16/2,R,16,16
AMC_450,>8,R,16/2,R,16,16
AMC_451,>8,R,16/2,R,16,16
AMC_452,>8,R,4/2,S,4,16
AMC_453,>8,R,>32/2,R,64,16
AMC_454,<=2,S,4/2,S,4,2
AMC_455,<=2,S,4/2,S,4,2
AMC_456,>8,R,16/2,R,16,16
AMC_457,<=2,S,<=2/2,S,2,2
AMC_458,>8,R,4/2,S,4,16
AMC_459,<=2,S,4/2,S,4,2
AMC_460,>8,R,>32/2,R,64,16
AMC_461,>8,R,8/2,S,8,16
AMC_462,<=2,S,<=2/2,S,2,2
AMC_463,<=2,S,4/2,S,4,2
AMC_464,>8,R,8/2,S,8,16
AMC_465,>8,R,32/2,R,32,16
AMC_466,>8,R,16/2,R,16,16
AMC_467,>8,R,>32/2,R,64,16
AMC_468,>8,R,8/2,S,8,16
AMC_469,>8,R,32/2,R,32,16
AMC_470,<=2,S,4/2,S,4,2
AMC_471,>8,R,8/2,S,8,16
AMC_472,<=2,S,4/2,S,4,2
AMC_473,<=2,S,4/2,S,4,2
AMC_474,>8,R,8/2,S,8,16
AMC_475,>8,R,4/2,S,4,16
AMC_476,>8,R,32/2,R,32,16
AMC_477,<=2,S,4/2,S,4,2
AMC_478,>8,R,16/2,R,16,16
AMC_479,>8,R,>32/2,R,64,16
AMC_480,<=2,S,4/2,S,4,2
AMC_481,>8,R,32/2,R,32,16
AMC_482,>8,R,4/2,S,4,16
AMC_483,>8,R,>32/2,R,64,16
AMC_484,<=2,S,4/2,S,4,2
AMC_485,>8,R,>32/2,R,64,16
AMC_486,<=2,S,4/2,S,4,2
AMC_487,>8,R,>32/2,R,64,16
AMC_488,>8,R,>32/2,R,64,16
AMC_489,>8,R,32/2,R,32,16
AMC_490,>8,R,>32/2,R,64,16
AMC_491,4,S,4/2,S,4,4
AMC_492,<=2,S,<=2/2,S,2,2
AMC_493,>8,R,>32/2,R,64,16
AMC_494,<=2,S,4/2,S,4,2
AMC_495,>8,R,8/2,S,8,16
AMC_496,<=2,S,4/2,S,4,2
AMC_497,<=2,S,4/2,S,4,2
AMC_498,<=2,S,4/2,S,4,2
AMC_499,<=2,S,<=2/2,S,2,2
AMC_500,>8,R,16/2,R,16,16
AMC_501,<=2,S,4/2,S,4,2
AMC_502,<=2,S,<=2/2,S,2,2
AMC_503,<=2,S,<=2/2,S,2,2
AMC_504,>8,R,>32/2,R,64,16
AMC_505,>8,R,8/2,S,8,16
AMC_506,<=2,S,4/2,S,4,2
AMC_507,<=2,S,4/2,S,4,2
AMC_508,>8,R,>32/2,R,64,16
AMC_509,>8,R,8/2,S,8,16
AMC_510,>8,R,32/2,R,32,16
AMC_511,>8,R,<=2/2,S,2,16
AMC_512,>8,R,>32/2,R,64,16
AMC_513,<=2,S,4/2,S,4,2
AMC_514,>8,R,8/2,S,8,16
AMC_515,<=2,S,<=2/2,S,2,2
AMC_516,<=2,S,<=2/2,S,2,2
AMC_517,<=2,S,4/2,S,4,2
AMC_518,>8,R,8/2,S,8,16
AMC_519,4,S,8/2,S,8,4
AMC_520,<=2,S,4/2,S,4,2
AMC_521,8,S,16/2,R,16,8
AMC_522,<=2,S,<=2/2,S,2,2
AMC_523,4,S,4/2,S,4,4
AMC_524,>8,R,>32/2,R,64,16
AMC_525,>8,R,8/2,S,8,16
AMC_526,>8,R,16/2,R,16,16
AMC_527,<=2,S,4/2,S,4,2
AMC_528,<=2,S,<=2/2,S,2,2
AMC_529,<=2,S,4/2,S,4,2
AMC_530,<=2,S,4/2,S,4,2
AMC_531,<=2,S,<=2/2,S,2,2
AMC_532,4,S,8/2,S,8,4
AMC_533,>8,R,>32/2,R,64,16
AMC_534,>8,R,8/2,S,8,16
AMC_535,>8,R,>32/2,R,64,16
AMC_536,>8,R,>32/2,R,64,16
AMC_537,<=2,S,4/2,S,4,2
AMC_538,<=2,S,4/2,S,4,2
AMC_539,>8,R,>32/2,R,64,16
AMC_540,>8,R,32/2,R,32,16
AMC_541,>8,R,16/2,R,16,16
AMC_542,>8,R,8/2,S,8,16
AMC_543,>8,R,>32/2,R,64,16
AMC_544,<=2,S,4/2,S,4,2
AMC_545,<=2,S,4/2,S,4,2
AMC_546,<=2,S,4/2,S,4,2
AMC_547,>8,R,>32/2,R,64,16
AMC_548,<=2,S,4/2,S,4,2
AMC_549,>8,R,16/2,R,16,16
AMC_550,>8,R,>32/2,R,64,16
AMC_551,>8,R,16/2,R,16,16
AMC_552,>8,R,4/2,S,4,16
AMC_553,>8,R,4/2,S,4,16
AMC_554,>8,R,8/2,S,8,16
AMC_555,<=2,S,<=2/2,S,2,2
AMC_556,>8,R,8/2,S,8,16
AMC_557,>8,R,8/2,S,8,16
AMC_558,>8,R,>32/2,R,64,16
AMC_559,<=2,S,4/2,S,4,2
AMC_560,8,S,16/2,R,16,8
AMC_561,<=2,S,<=2/2,S,2,2
AMC_562,<=2,S,<=2/2,S,2,2
AMC_563,<=2,S,4/2,S,4,2
AMC_564,>8,R,>32/2,R,64,16
AMC_565,<=2,S,4/2,S,4,2
AMC_566,<=2,S,<=2/2,S,2,2
AMC_567,<=2,S,<=2/2,S,2,2
AMC_568,>8,R,8/2,S,8,16
AMC_569,>8,R,32/2,R,32,16
AMC_570,<=2,S,<=2/2,S,2,2
AMC_571,>8,R,>32/2,R,64,16
AMC_572,<=2,S,4/2,S,4,2
AMC_573,<=2,S,4/2,S,4,2
AMC_574,<=2,S,<=2/2,S,2,2
AMC_575,>8,R,16/2,R,16,16
AMC_576,>8,R,4/2,S,4,16
AMC_577,>8,R,8/2,S,8,16
AMC_578,>8,R,8/2,S,8,16
AMC_579,<=2,S,<=2/2,S,2,2
AMC_580,8,S,16/2,R,16,8
AMC_581,8,S,4/2,S,4,8
AMC_582,<=2,S,4/2,S,4,2
AMC_583,<=2,S,4/2,S,4,2
AMC_584,>8,R,>32/2,R,64,16
AMC_585,>8,R,32/2,R,32,16
AMC_586,>8,R,4/2,S,4,16
AMC_587,>8,R,16/2,R,16,16
AMC_588,>8,R,>32/2,R,64,16
AMC_589,<=2,S,<=2/2,S,2,2
AMC_590,>8,R,32/2,R,32,16
AMC_591,>8,R,4/2,S,4,16
AMC_592,>8,R,4/2,S,4,16
AMC_593,<=2,S,8/2,S,8,2
AMC_594,>8,R,16/2,R,16,16
AMC_595,>8,R,4/2,S,4,16
AMC_596,<=2,S,<=2/2,S,2,2
AMC_597,<=2,S,4/2,S,4,2
AMC_598,>8,R,16/2,R,16,16
AMC_599,<=2,S,4/2,S,4,2
AMC_600,>8,R,16/2,R,16,16
AMC_601,<=2,S,<=2/2,S,2,2
AMC_602,<=2,S,<=2/2,S,2,2
AMC_603,>8,R,>32/2,R,64,16
AMC_604,>8,R,4/2,S,4,16
AMC_605,>8,R,>32/2,R,64,16
AMC_606,>8,R,32/2,R,32,16
AMC_607,<=2,S,4/2,S,4,2
AMC_608,<=2,S,<=2/2,S,2,2
AMC_609,>8,R,>32/2,R,64,16
AMC_610,>8,R,4/2,S,4,16
AMC_611,>8,R,8/2,S,8,16
AMC_612,>8,R,32/2,R,32,16
AMC_613,>8,R,>32/2,R,64,16
AMC_614,<=2,S,4/2,S,4,2
AMC_615,>8,R,>32/2,R,64,16
AMC_616,<=2,S,4/2,S,4,2
AMC_617,>8,R,8/2,S,8,16
AMC_618,>8,R,8/2,S,8,16
AMC_619,>8,R,>32/2,R,64,16
AMC_620,>8,R,16/2,R,16,16
AMC_621,>8,R,>32/2,R,64,16
AMC_622,>8,R,4/2,S,4,16
AMC_623,<=2,S,<=2/2,S,2,2
AMC_624,>8,R,8/2,S,8,16
AMC_625,<=2,S,4/2,S,4,2
AMC_626,>8,R,>32/2,R,64,16
AMC_627,<=2,S,<=2/2,S,2,2
AMC_628,<=2,S,4/2,S,4,2
AMC_629,>8,R,>32/2,R,64,16
AMC_630,<=2,S,4/2,S,4,2
AMC_631,4,S,8/2,S,8,4
AMC_632,>8,R,32/2,R,32,16
AMC_633,>8,R,8/2,S,8,16
AMC_634,>8,R,32/2,R,32,16
AMC_635,>8,R,8/2,S,8,16
AMC_636,>8,R,32/2,R,32,16
AMC_637,>8,R,>32/2,R,64,16
AMC_638,>8,R,>32/2,R,64,16
AMC_639,>8,R,4/2,S,4,16
AMC_640,<=2,S,<=2/2,S,2,2
AMC_641,<=2,S,4/2,S,4,2
AMC_642,<=2,S,4/2,S,4,2
AMC_643,<=2,S,4/2,S,4,2
AMC_644,>8,R,>32/2,R,64,16
AMC_645,>8,R,16/2,R,16,16
AMC_646,>8,R,8/2,S,8,16
AMC_647,>8,R,16/2,R,16,16
AMC_648,4,S,4/2,S,4,4
AMC_649,>8,R,>32/2,R,64,16
AMC_650,>8,R,>32/2,R,64,16
AMC_651,>8,R,8/2,S,8,16
AMC_652,>8,R,8/2,S,8,16
AMC_653,<=2,S,4/2,S,4,2
AMC_654,>8,R,8/2,S,8,16
AMC_655,>8,R,>32/2,R,64,16
AMC_656,>8,R,>32/2,R,64,16
AMC_657,<=2,S,8/2,S,8,2
AMC_658,<=2,S,4/2,S,4,2
AMC_659,<=2,S,4/2,S,4,2
AMC_660,>8,R,32/2,R,32,16
AMC_661,<=2,S,<=2/2,S,2,2
AMC_662,<=2,S,4/2,S,4,2
AMC_663,>8,R,32/2,R,32,16
AMC_664,<=2,S,<=2/2,S,2,2
AMC_665,>8,R,16/2,R,16,16
AMC_666,>8,R,8/2,S,8,16
AMC_667,>8,R,16/2,R,16,16
AMC_668,<=2,S,4/2,S,4,2
AMC_669,>8,R,>32/2,R,64,16
AMC_670,>8,R,8/2,S,8,16
AMC_671,4,S,8/2,S,8,4
AMC_672,>8,R,4/2,S,4,16
AMC_673,>8,R,8/2,S,8,16
AMC_674,<=2,S,<=2/2,S,2,2
AMC_675,<=2,S,<=2/2,S,2,2
AMC_676,<=2,S,4/2,S,4,2
AMC_677,>8,R,>32/2,R,64,16
AMC_678,<=2,S,<=2/2,S,2,2
AMC_679,>8,R,16/2,R,16,16
AMC_680,>8,R,8/2,S,8,16
AMC_681,>8,R,>32/2,R,64,16
AMC_682,>8,R,4/2,S,4,16
AMC_683,>8,R,16/2,R,16,16
AMC_684,>8,R,<=2/2,S,2,16
AMC_685,<=2,S,<=2/2,S,2,2
AMC_686,>8,R,>32/2,R,64,16
AMC_687,<=2,S,<=2/2,S,2,2
AMC_688,>8,R,>32/2,R,64,16
AMC_689,>8,R,>32/2,R,64,16
AMC_690,>8,R,>32/2,R,64,16
AMC_691,>8,R,>32/2,R,64,16
AMC_692,<=2,S,<=2/2,S,2,2
AMC_693,>8,R,16/2,R,16,16
AMC_694,<=2,S,<=2/2,S,2,2
AMC_695,>8,R,8/2,S,8,16
AMC_696,<=2,S,<=2/2,S,2,2
AMC_697,<=2,S,<=2/2,S,2,2
AMC_698,>8,R,32/2,R,32,16
AMC_699,<=2,S,4/2,S,4,2
AMC_700,>8,R,>32/2,R,64,16
AMC_701,>8,R,8/2,S,8,16
AMC_702,<=2,S,4/2,S,4,2
AMC_703,<=2,S,4/2,S,4,2
AMC_704,>8,R,8/2,S,8,16
AMC_705,>8,R,8/2,S,8,16
AMC_706,>8,R,8/2,S,8,16
AMC_707,>8,R,>32/2,R,64,16
AMC_708,<=2,S,4/2,S,4,2
AMC_709,>8,R,8/2,S,8,16
AMC_710,>8,R,4/2,S,4,16
AMC_711,<=2,S,4/2,S,4,2
AMC_712,<=2,S,<=2/2,S,2,2
AMC_713,<=2,S,4/2,S,4,2
AMC_714,>8,R,32/2,R,32,16
AMC_715,<=2,S,4/2,S,4,2
AMC_716,>8,R,8/2,S,8,16
AMC_717,<=2,S,4/2,S,4,2
AMC_718,8,S,32/2,R,32,8
AMC_719,<=2,S,<=2/2,S,2,2
AMC_720,<=2,S,4/2,S,4,2
AMC_721,<=2,S,<=2/2,S,2,2
AMC_722,>8,R,>32/2,R,64,16
AMC_723,<=2,S,4/2,S,4,2
AMC_724,4,S,8/2,S,8,4
AMC_725,>8,R,16/2,R,16,16
AMC_726,<=2,S,<=2/2,S,2,2
AMC_727,<=2,S,4/2,S,4,2
AMC_728,<=2,S,<=2/2,S,2,2
AMC_729,<=2,S,4/2,S,4,2
AMC_730,<=2,S,<=2/2,S,2,2
AMC_731,<=2,S,4/2,S,4,2
AMC_732,<=2,S,4/2,S,4,2
AMC_733,>8,R,8/2,S,8,16
AMC_734,>8,R,>32/2,R,64,16
AMC_735,>8,R,8/2,S,8,16
AMC_736,<=2,S,4/2,S,4,2
AMC_737,>8,R,8/2,S,8,16
AMC_738,>8,R,8/2,S,8,16
AMC_739,>8,R,32/2,R,32,16
AMC_740,>8,R,32/2,R,32,16
AMC_741,<=2,S,<=2/2,S,2,2
AMC_742,>8,R,>32/2,R,64,16
AMC_743,>8,R,16/2,R,16,16
AMC_744,>8,R,>32/2,R,64,16
AMC_745,<=2,S,<=2/2,S,2,2
AMC_746,<=2,S,<=2/2,S,2,2
AMC_747,>8,R,>32/2,R,64,16
AMC_748,<=2,S,4/2,S,4,2
AMC_749,>8,R,>32/2,R,64,16
AMC_750,>8,R,8/2,S,8,16
AMC_751,>8,R,>32/2,R,64,16
AMC_752,>8,R,8/2,S,8,16
AMC_753,<=2,S,4/2,S,4,2
AMC_754,>8,R,>32/2,R,64,16
AMC_755,>8,R,16/2,R,16,16
AMC_756,>8,R,16/2,R,16,16
AMC_757,<=2,S,<=2/2,S,2,2
AMC_758,>8,R,8/2,S,8,16
AMC_759,<=2,S,<=2/2,S,2,2
AMC_760,>8,R,32/2,R,32,16
AMC_761,>8,R,16/2,R,16,16
AMC_762,>8,R,>32/2,R,64,16
AMC_763,8,S,4/2,S,4,8
AMC_764,<=2,S,4/2,S,4,2
AMC_765,<=2,S,4/2,S,4,2
AMC_766,<=2,S,4/2,S,4,2
AMC_767,<=2,S,4/2,S,4,2
AMC_768,>8,R,16/2,R,16,16
AMC_769,>8,R,>32/2,R,64,16
AMC_770,<=2,S,<=2/2,S,2,2
AMC_771,<=2,S,4/2,S,4,2
AMC_772,>8,R,>32/2,R,64,16
AMC_773,<=2,S,4/2,S,4,2
AMC_774,>8,R,32/2,R,32,16
AMC_775,>8,R,>32/2,R,64,16
AMC_776,<=2,S,4/2,S,4,2
AMC_777,<=2,S,<=2/2,S,2,2
AMC_778,>8,R,>32/2,R,64,16
AMC_779,>8,R,>32/2,R,64,16
AMC_780,<=2,S,4/2,S,4,2
AMC_781,<=2,S,4/2,S,4,2
AMC_782,>8,R,32/2,R,32,16
AMC_783,<=2,S,4/2,S,4,2
AMC_784,<=2,S,4/2,S,4,2
AMC_785,>8,R,8/2,S,8,16
AMC_786,<=2,S,<=2/2,S,2,2
AMC_787,>8,R,>32/2,R,64,16
AMC_788,<=2,S,4/2,S,4,2
AMC_789,<=2,S,<=2/2,S,2,2
AMC_790,<=2,S,4/2,S,4,2
AMC_791,<=2,S,<=2/2,S,2,2
AMC_792,<=2,S,<=2/2,S,2,2
AMC_793,>8,R,8/2,S,8,16
AMC_794,<=2,S,4/2,S,4,2
AMC_795,<=2,S,<=2/2,S,2,2
AMC_796,>8,R,32/2,R,32,16
AMC_797,>8,R,>32/2,R,64,16
AMC_798,<=2,S,4/2,S,4,2
AMC_799,>8,R,>32/2,R,64,16
AMC_800,<=2,S,4/2,S,4,2
AMC_801,<=2,S,<=2/2,S,2,2
AMC_802,>8,R,>32/2,R,64,16
AMC_803,<=2,S,<=2/2,S,2,2
AMC_804,4,S,4/2,S,4,4
AMC_805,>8,R,>32/2,R,64,16
AMC_806,>8,R,32/2,R,32,16
AMC_807,<=2,S,<=2/2,S,2,2
AMC_808,<=2,S,<=2/2,S,2,2
AMC_809,>8,R,16/2,R,16,16
AMC_810,<=2,S,<=2/2,S,2,2
AMC_811,<=2,S,4/2,S,4,2
AMC_812,>8,R,32/2,R,32,16
AMC_813,>8,R,8/2,S,8,16
AMC_814,>8,R,32/2,R,32,16
AMC_815,4,S,8/2,S,8,4
AMC_816,>8,R,>32/2,R,64,16
AMC_817,<=2,S,4/2,S,4,2
AMC_818,<=2,S,4/2,S,4,2
AMC_819,>8,R,8/2,S,8,16
AMC_820,<=2,S,<=2/2,S,2,2
AMC_821,<=2,S,<=2/2,S,2,2
AMC_822,>8,R,32/2,R,32,16
AMC_823,<=2,S,<=2/2,S,2,2
AMC_824,>8,R,>32/2,R,64,16
AMC_825,>8,R,32/2,R,32,16
AMC_826,4,S,4/2,S,4,4
AMC_827,<=2,S,4/2,S,4,2
AMC_828,>8,R,>32/2,R,64,16
AMC_829,4,S,8/2,S,8,4
AMC_830,<=2,S,4/2,S,4,2
AMC_831,<=2,S,4/2,S,4,2
AMC_832,>8,R,8/2,S,8,16
AMC_833,>8,R,8/2,S,8,16
AMC_834,>8,R,32/2,R,32,16
AMC_835,<=2,S,4/2,S,4,2
AMC_836,<=2,S,4/2,S,4,2
AMC_837,>8,R,16/2,R,16,16
AMC_838,>8,R,>32/2,R,64,16
AMC_839,>8,R,16/2,R,16,16
AMC_840,>8,R,8/2,S,8,16
AMC_841,<=2,S,<=2/2,S,2,2
AMC_842,<=2,S,4/2,S,4,2
AMC_843,>8,R,8/2,S,8,16
AMC_844,>8,R,16/2,R,16,16
AMC_845,>8,R,8/2,S,8,16
AMC_846,<=2,S,4/2,S,4,2
AMC_847,>8,R,8/2,S,8,16
AMC_848,<=2,S,4/2,S,4,2
AMC_849,4,S,8/2,S,8,4
AMC_850,>8,R,4/2,S,4,16
AMC_851,>8,R,8/2,S,8,16
AMC_852,>8,R,8/2,S,8,16
AMC_853,4,S,4/2,S,4,4
AMC_854,>8,R,8/2,S,8,16
AMC_855,<=2,S,4/2,S,4,2
AMC_856,>8,R,16/2,R,16,16
AMC_857,<=2,S,4/2,S,4,2
AMC_858,<=2,S,4/2,S,4,2
AMC_859,>8,R,4/2,S,4,16
AMC_860,>8,R,>32/2,R,64,16
AMC_861,<=2,S,4/2,S,4,2
AMC_862,<=2,S,4/2,S,4,2
AMC_863,>8,R,4/2,S,4,16
AMC_864,<=2,S,<=2/2,S,2,2
AMC_865,>8,R,>32/2,R,64,16
AMC_866,>8,R,>32/2,R,64,16
AMC_867,<=2,S,<=2/2,S,2,2
AMC_868,>8,R,4/2,S,4,16
AMC_869,>8,R,8/2,S,8,16
AMC_870,4,S,4/2,S,4,4
AMC_871,<=2,S,<=2/2,S,2,2
AMC_872,>8,R,16/2,R,16,16
AMC_873,>8,R,8/2,S,8,16
AMC_874,>8,R,>32/2,R,64,16
AMC_875,>8,R,>32/2,R,64,16
AMC_876,>8,R,>32/2,R,64,16
AMC_877,<=2,S,4/2,S,4,2
AMC_878,>8,R,16/2,R,16,16
AMC_879,>8,R,8/2,S,8,16
AMC_880,>8,R,>32/2,R,64,16
AMC_881,>8,R,>32/2,R,64,16
AMC_882,<=2,S,<=2/2,S,2,2
AMC_883,>8,R,8/2,S,8,16
AMC_884,>8,R,>32/2,R,64,16
AMC_885,<=2,S,<=2/2,S,2,2
AMC_886,<=2,S,4/2,S,4,2
AMC_887,<=2,S,4/2,S,4,2
AMC_888,<=2,S,4/2,S,4,2
AMC_889,>8,R,>32/2,R,64,16
AMC_890,4,S,4/2,S,4,4
AMC_891,<=2,S,<=2/2,S,2,2
AMC_892,4,S,8/2,S,8,4
AMC_893,>8,R,>32/2,R,64,16
AMC_894,>8,R,4/2,S,4,16
AMC_895,>8,R,>32/2,R,64,16
AMC_896,>8,R,8/2,S,8,16
AMC_897,>8,R,>32/2,R,64,16
AMC_898,>8,R,32/2,R,32,16
AMC_899,>8,R,8/2,S,8,16
AMC_900,>8,R,>32/2,R,64,16
AMC_901,<=2,S,4/2,S,4,2
AMC_902,>8,R,8/2,S,8,16
AMC_903,>8,R,>32/2,R,64,16
AMC_904,>8,R,>32/2,R,64,16
AMC_905,>8,R,16/2,R,16,16
AMC_906,>8,R,8/2,S,8,16
AMC_907,>8,R,16/2,R,16,16
AMC_908,>8,R,16/2,R,16,16
AMC_909,<=2,S,4/2,S,4,2
AMC_910,>8,R,16/2,R,16,16
AMC_911,<=2,S,4/2,S,4,2
AMC_912,<=2,S,4/2,S,4,2
AMC_913,<=2,S,<=2/2,S,2,2
AMC_914,<=2,S,<=2/2,S,2,2
AMC_915,>8,R,>32/2,R,64,16
AMC_916,>8,R,>32/2,R,64,16
AMC_917,>8,R,>32/2,R,64,16
AMC_918,>8,R,8/2,S,8,16
AMC_919,<=2,S,<=2/2,S,2,2
AMC_920,<=2,S,<=2/2,S,2,2
AMC_921,>8,R,>32/2,R,64,16
AMC_922,<=2,S,<=2/2,S,2,2
AMC_923,<=2,S,<=2/2,S,2,2
AMC_924,>8,R,8/2,S,8,16
AMC_925,>8,R,>32/2,R,64,16
AMC_926,>8,R,>32/2,R,64,16
AMC_927,<=2,S,<=2/2,S,2,2
AMC_928,>8,R,>32/2,R,64,16
AMC_929,<=2,S,<=2/2,S,2,2
AMC_930,>8,R,8/2,S,8,16
AMC_931,>8,R,4/2,S,4,16
AMC_932,<=2,S,<=2/2,S,2,2
AMC_933,>8,R,32/2,R,32,16
AMC_934,>8,R,8/2,S,8,16
AMC_935,>8,R,>32/2,R,64,16
AMC_936,>8,R,>32/2,R,64,16
AMC_937,>8,R,>32/2,R,64,16
AMC_938,>8,R,32/2,R,32,16
AMC_939,>8,R,32/2,R,32,16
AMC_940,<=2,S,4/2,S,4,2
AMC_941,<=2,S,4/2,S,4,2
AMC_942,>8,R,16/2,R,16,16
AMC_943,<=2,S,4/2,S,4,2
AMC_944,>8,R,16/2,R,16,16
AMC_945,<=2,S,<=2/2,S,2,2
AMC_946,>8,R,16/2,R,16,16
AMC_947,>8,R,16/2,R,16,16
AMC_948,>8,R,16/2,R,16,16
AMC_949,>8,R,>32/2,R,64,16
AMC_950,>8,R,8/2,S,8,16
AMC_951,>8,R,8/2,S,8,16
AMC_952,>8,R,>32/2,R,64,16
AMC_953,<=2,S,<=2/2,S,2,2
AMC_954,<=2,S,<=2/2,S,2,2
AMC_955,>8,R,8/2,S,8,16
AMC_956,>8,R,>32/2,R,64,16
AMC_957,<=2,S,4/2,S,4,2
AMC_958,>8,R,32/2,R,32,16
AMC_959,<=2,S,4/2,S,4,2
AMC_960,>8,R,16/2,R,16,16
AMC_961,>8,R,>32/2,R,64,16
AMC_962,>8,R,8/2,S,8,16
AMC_963,<=2,S,<=2/2,S,2,2
AMC_964,>8,R,16/2,R,16,16
AMC_965,<=2,S,4/2,S,4,2
AMC_966,<=2,S,4/2,S,4,2
AMC_967,<=2,S,<=2/2,S,2,2
AMC_968,<=2,S,<=2/2,S,2,2
AMC_969,>8,R,>32/2,R,64,16
AMC_970,<=2,S,4/2,S,4,2
AMC_971,>8,R,32/2,R,32,16
AMC_972,<=2,S,4/2,S,4,2
AMC_973,>8,R,8/2,S,8,16
AMC_974,>8,R,8/2,S,8,16
AMC_975,>8,R,32/2,R,32,16
